[System] Initialized system with Bonus scheduler scheme
[System] Simulation starting
     Epoch 1      Core 0      Core 1      Core 2      Core 3      Core 4      Core 5      Core 6      Core 7
           1           I           I           O           O           O           O           O           O
           2       Pid 0       Pid 1           O           O           O           O           O           O
           3       Pid 0       Pid 1           O           O           O           O           O           O
           4       Pid 0       Pid 1           O           O           O           O           O           O
           5       Pid 0       Pid 1           O           O           O           O           O           O
           6       Pid 0       Pid 1           O           O           O           O           O           O
           7       Pid 0       Pid 1           O           O           O           O           O           O
           8       Pid 0       Pid 1           O           O           O           O           O           O
           9       Pid 0       Pid 1           O           O           O           O           O           O
          10       Pid 0       Pid 1           O           O           O           O           O           O
          11       Pid 0       Pid 1           O           O           O           O           O           O
          12       Pid 0       Pid 1           O           O           O           O           O           O
          13       Pid 0       Pid 1           O           O           O           O           O           O
          14       Pid 0       Pid 1           O           O           O           O           O           O
          15       Pid 0       Pid 1           O           O           O           O           O           O
          16       Pid 0       Pid 1           O           O           O           O           O           O
          17       Pid 0       Pid 1           O           O           O           O           O           O
          18       Pid 0       Pid 1           O           O           O           O           O           O
          19       Pid 0       Pid 1           O           O           O           O           O           O
          20       Pid 0       Pid 1           O           O           O           O           O           O
          21       Pid 0       Pid 1           O           O           O           O           O           O
          22       Pid 0       Pid 1           O           O           O           O           O           O
          23       Pid 0       Pid 1           O           O           O           O           O           O
          24       Pid 0       Pid 1           O           O           O           O           O           O
          25       Pid 0       Pid 1           O           O           O           O           O           O
          26       Pid 0       Pid 1           O           O           O           O           O           O
          27       Pid 0       Pid 1           O           O           O           O           O           O
          28       Pid 0       Pid 1           O           O           O           O           O           O
          29       Pid 0       Pid 1           O           O           O           O           O           O
          30       Pid 0       Pid 1           O           O           O           O           O           O
          31       Pid 0       Pid 1           O           O           O           O           O           O
          32       Pid 0       Pid 1           O           O           O           O           O           O
          33       Pid 0       Pid 1           O           O           O           O           O           O
          34           I       Pid 1           O           O           O           O           O           O
          35           I       Pid 1           O           O           O           O           O           O
          36           I       Pid 1           O           O           O           O           O           O
          37           I       Pid 1           O           O           O           O           O           O
          38           I       Pid 1           O           O           O           O           O           O
          39           I       Pid 1           O           O           O           O           O           O
          40           I           I           O           O           O           O           O           O
          41           I           I           O           O           O           O           O           O
          42           I           I           O           O           O           O           O           O
          43           I           I           O           O           O           O           O           O
          44           I           I           O           O           O           O           O           O
          45           I           I           O           O           O           O           O           O
          46           I           I           O           O           O           O           O           O
          47           I           I           O           O           O           O           O           O
          48           I           I           O           O           O           O           O           O
          49           I           I           O           O           O           O           O           O
          50           I           I           O           O           O           O           O           O
          51           I           I           O           O           O           O           O           O
          52           I           I           O           O           O           O           O           O
          53           I           I           O           O           O           O           O           O
          54           I           I           O           O           O           O           O           O
          55           I           I           O           O           O           O           O           O
          56           I           I           O           O           O           O           O           O
          57           I           I           O           O           O           O           O           O
          58           I           I           O           O           O           O           O           O
          59           I           I           O           O           O           O           O           O
          60           I           I           O           O           O           O           O           O
          61           I           I           O           O           O           O           O           O
          62           I           I           O           O           O           O           O           O
          63           I           I           O           O           O           O           O           O
          64           I           I           O           O           O           O           O           O
          65           I           I           O           O           O           O           O           O
          66           I           I           O           O           O           O           O           O
          67           I           I           O           O           O           O           O           O
          68           I           I           O           O           O           O           O           O
          69           I           I           O           O           O           O           O           O
          70           I           I           O           O           O           O           O           O
          71           I           I           O           O           O           O           O           O
          72           I           I           O           O           O           O           O           O
          73           I           I           O           O           O           O           O           O
          74           I           I           O           O           O           O           O           O
          75           I           I           O           O           O           O           O           O
          76           I           I           O           O           O           O           O           O
          77           I           I           O           O           O           O           O           O
          78           I           I           O           O           O           O           O           O
          79           I           I           O           O           O           O           O           O
          80           I           I           O           O           O           O           O           O
          81           I           I           O           O           O           O           O           O
          82           I           I           O           O           O           O           O           O
          83           I           I           O           O           O           O           O           O
          84           I           I           O           O           O           O           O           O
          85           I           I           O           O           O           O           O           O
          86           I           I           O           O           O           O           O           O
          87           I           I           O           O           O           O           O           O
          88           I           I           O           O           O           O           O           O
          89           I           I           O           O           O           O           O           O
          90           I           I           O           O           O           O           O           O
          91           I           I           O           O           O           O           O           O
          92           I           I           O           O           O           O           O           O
          93           I           I           O           O           O           O           O           O
          94           I           I           O           O           O           O           O           O
          95           I           I           O           O           O           O           O           O
          96           I           I           O           O           O           O           O           O
          97           I           I           O           O           O           O           O           O
          98           I           I           O           O           O           O           O           O
          99           I           I           O           O           O           O           O           O
         100           I           I           O           O           O           O           O           O
     Epoch 2      Core 0      Core 1      Core 2      Core 3      Core 4      Core 5      Core 6      Core 7
         101           I           I           O           O           O           O           O           O
         102           I           I           O           O           O           O           O           O
         103           I           I           O           O           O           O           O           O
         104           I           I           O           O           O           O           O           O
         105           I           I           O           O           O           O           O           O
         106           I           I           O           O           O           O           O           O
         107           I           I           O           O           O           O           O           O
         108           I           I           O           O           O           O           O           O
         109           I           I           O           O           O           O           O           O
         110           I           I           O           O           O           O           O           O
         111           I           I           O           O           O           O           O           O
         112           I           I           O           O           O           O           O           O
         113           I           I           O           O           O           O           O           O
         114           I           I           O           O           O           O           O           O
         115           I           I           O           O           O           O           O           O
         116           I           I           O           O           O           O           O           O
         117           I           I           O           O           O           O           O           O
         118           I           I           O           O           O           O           O           O
         119           I           I           O           O           O           O           O           O
         120           I           I           O           O           O           O           O           O
         121           I           I           O           O           O           O           O           O
         122           I           I           O           O           O           O           O           O
         123           I           I           O           O           O           O           O           O
         124           I           I           O           O           O           O           O           O
         125           I           I           O           O           O           O           O           O
         126           I           I           O           O           O           O           O           O
         127           I           I           O           O           O           O           O           O
         128           I           I           O           O           O           O           O           O
         129           I           I           O           O           O           O           O           O
         130           I           I           O           O           O           O           O           O
         131           I           I           O           O           O           O           O           O
         132           I           I           O           O           O           O           O           O
         133           I           I           O           O           O           O           O           O
         134           I           I           O           O           O           O           O           O
         135           I           I           O           O           O           O           O           O
         136           I           I           O           O           O           O           O           O
         137           I           I           O           O           O           O           O           O
         138           I           I           O           O           O           O           O           O
         139           I           I           O           O           O           O           O           O
         140           I           I           O           O           O           O           O           O
         141           I       Pid 1           O           O           O           O           O           O
         142           I       Pid 1           O           O           O           O           O           O
         143           I       Pid 1           O           O           O           O           O           O
         144           I       Pid 1           O           O           O           O           O           O
         145           I       Pid 1           O           O           O           O           O           O
         146           I       Pid 1           O           O           O           O           O           O
         147           I       Pid 1           O           O           O           O           O           O
         148           I       Pid 1           O           O           O           O           O           O
         149           I       Pid 1           O           O           O           O           O           O
         150           I       Pid 1           O           O           O           O           O           O
         151           I       Pid 1           O           O           O           O           O           O
         152           I       Pid 1           O           O           O           O           O           O
         153           I       Pid 1           O           O           O           O           O           O
         154           I       Pid 1           O           O           O           O           O           O
         155           I       Pid 1           O           O           O           O           O           O
         156           I       Pid 1           O           O           O           O           O           O
         157       Pid 0       Pid 1           O           O           O           O           O           O
         158       Pid 0       Pid 1           O           O           O           O           O           O
         159       Pid 0       Pid 1           O           O           O           O           O           O
         160       Pid 0       Pid 1           O           O           O           O           O           O
         161       Pid 0       Pid 1           O           O           O           O           O           O
         162       Pid 0       Pid 1           O           O           O           O           O           O
         163       Pid 0       Pid 1           O           O           O           O           O           O
         164       Pid 0       Pid 1           O           O           O           O           O           O
         165       Pid 0       Pid 1           O           O           O           O           O           O
         166       Pid 0       Pid 1           O           O           O           O           O           O
         167       Pid 0       Pid 1           O           O           O           O           O           O
         168       Pid 0       Pid 1           O           O           O           O           O           O
         169       Pid 0       Pid 1           O           O           O           O           O           O
         170       Pid 0       Pid 1           O           O           O           O           O           O
         171       Pid 0       Pid 1           O           O           O           O           O           O
         172       Pid 0       Pid 1           O           O           O           O           O           O
         173       Pid 0       Pid 1           O           O           O           O           O           O
         174       Pid 0       Pid 1           O           O           O           O           O           O
         175       Pid 0           I           O           O           O           O           O           O
         176       Pid 0           I           O           O           O           O           O           O
         177       Pid 0           I           O           O           O           O           O           O
         178       Pid 0           I           O           O           O           O           O           O
         179       Pid 0           I           O           O           O           O           O           O
         180       Pid 0           I           O           O           O           O           O           O
         181       Pid 0           I           O           O           O           O           O           O
         182       Pid 0           I           O           O           O           O           O           O
         183       Pid 0           I           O           O           O           O           O           O
         184       Pid 0           I           O           O           O           O           O           O
         185       Pid 0           I           O           O           O           O           O           O
         186       Pid 0           I           O           O           O           O           O           O
         187       Pid 0           I           O           O           O           O           O           O
         188       Pid 0           I           O           O           O           O           O           O
         189       Pid 0           I           O           O           O           O           O           O
         190       Pid 0           I           O           O           O           O           O           O
         191       Pid 0           I           O           O           O           O           O           O
         192           I           I           O           O           O           O           O           O
         193           I           I           O           O           O           O           O           O
         194           I           I           O           O           O           O           O           O
         195           I           I           O           O           O           O           O           O
         196           I           I           O           O           O           O           O           O
         197           I           I           O           O           O           O           O           O
         198           I           I           O           O           O           O           O           O
         199           I           I           O           O           O           O           O           O
         200           I           I           O           O           O           O           O           O
     Epoch 3      Core 0      Core 1      Core 2      Core 3      Core 4      Core 5      Core 6      Core 7
         201           I           I           O           O           O           O           O           O
         202           I           I           O           O           O           O           O           O
         203           I           I           O           O           O           O           O           O
         204           I           I           O           O           O           O           O           O
         205           I           I           O           O           O           O           O           O
         206           I           I           O           O           O           O           O           O
         207           I           I           O           O           O           O           O           O
         208           I           I           O           O           O           O           O           O
         209           I           I           O           O           O           O           O           O
         210           I           I           O           O           O           O           O           O
         211           I           I           O           O           O           O           O           O
         212           I           I           O           O           O           O           O           O
         213           I           I           O           O           O           O           O           O
         214           I           I           O           O           O           O           O           O
         215           I           I           O           O           O           O           O           O
         216           I           I           O           O           O           O           O           O
         217           I           I           O           O           O           O           O           O
         218           I           I           O           O           O           O           O           O
         219           I           I           O           O           O           O           O           O
         220           I           I           O           O           O           O           O           O
         221           I           I           O           O           O           O           O           O
         222           I           I           O           O           O           O           O           O
         223           I           I           O           O           O           O           O           O
         224           I           I           O           O           O           O           O           O
         225           I           I           O           O           O           O           O           O
         226           I           I           O           O           O           O           O           O
         227           I           I           O           O           O           O           O           O
         228           I           I           O           O           O           O           O           O
         229           I           I           O           O           O           O           O           O
         230           I           I           O           O           O           O           O           O
         231           I           I           O           O           O           O           O           O
         232           I           I           O           O           O           O           O           O
         233           I           I           O           O           O           O           O           O
         234           I           I           O           O           O           O           O           O
         235           I           I           O           O           O           O           O           O
         236           I           I           O           O           O           O           O           O
         237           I           I           O           O           O           O           O           O
         238           I           I           O           O           O           O           O           O
         239           I           I           O           O           O           O           O           O
         240           I           I           O           O           O           O           O           O
         241           I           I           O           O           O           O           O           O
         242           I           I           O           O           O           O           O           O
         243           I           I           O           O           O           O           O           O
         244           I           I           O           O           O           O           O           O
         245           I           I           O           O           O           O           O           O
         246           I           I           O           O           O           O           O           O
         247           I           I           O           O           O           O           O           O
         248           I           I           O           O           O           O           O           O
         249           I           I           O           O           O           O           O           O
         250           I           I           O           O           O           O           O           O
         251           I           I           O           O           O           O           O           O
         252           I           I           O           O           O           O           O           O
         253           I           I           O           O           O           O           O           O
         254           I           I           O           O           O           O           O           O
         255           I           I           O           O           O           O           O           O
         256           I           I           O           O           O           O           O           O
         257           I           I           O           O           O           O           O           O
         258           I           I           O           O           O           O           O           O
         259           I           I           O           O           O           O           O           O
         260           I           I           O           O           O           O           O           O
         261           I           I           O           O           O           O           O           O
         262           I           I           O           O           O           O           O           O
         263           I           I           O           O           O           O           O           O
         264           I           I           O           O           O           O           O           O
         265           I           I           O           O           O           O           O           O
         266           I           I           O           O           O           O           O           O
         267           I           I           O           O           O           O           O           O
         268           I           I           O           O           O           O           O           O
         269           I           I           O           O           O           O           O           O
         270           I           I           O           O           O           O           O           O
         271           I           I           O           O           O           O           O           O
         272           I           I           O           O           O           O           O           O
         273           I           I           O           O           O           O           O           O
         274           I           I           O           O           O           O           O           O
         275           I           I           O           O           O           O           O           O
         276           I           I           O           O           O           O           O           O
         277           I           I           O           O           O           O           O           O
         278           I           I           O           O           O           O           O           O
         279           I           I           O           O           O           O           O           O
         280           I           I           O           O           O           O           O           O
         281           I           I           O           O           O           O           O           O
         282           I           I           O           O           O           O           O           O
         283           I           I           O           O           O           O           O           O
         284           I       Pid 1           O           O           O           O           O           O
         285           I       Pid 1           O           O           O           O           O           O
         286           I       Pid 1           O           O           O           O           O           O
         287           I       Pid 1           O           O           O           O           O           O
         288           I       Pid 1           O           O           O           O           O           O
         289           I       Pid 1           O           O           O           O           O           O
         290           I       Pid 1           O           O           O           O           O           O
         291           I       Pid 1           O           O           O           O           O           O
         292           I       Pid 1           O           O           O           O           O           O
         293           I       Pid 1           O           O           O           O           O           O
         294           I       Pid 1           O           O           O           O           O           O
         295           I       Pid 1           O           O           O           O           O           O
         296           I       Pid 1           O           O           O           O           O           O
         297           I       Pid 1           O           O           O           O           O           O
         298           I       Pid 1           O           O           O           O           O           O
         299           I       Pid 1           O           O           O           O           O           O
         300           I       Pid 1           O           O           O           O           O           O
     Epoch 4      Core 0      Core 1      Core 2      Core 3      Core 4      Core 5      Core 6      Core 7
         301           I       Pid 1           O           O           O           O           O           O
         302       Pid 2       Pid 1           O           O           O           O           O           O
         303       Pid 2       Pid 1           O           O           O           O           O           O
         304       Pid 2       Pid 1           O           O           O           O           O           O
         305       Pid 2       Pid 1           O           O           O           O           O           O
         306       Pid 2       Pid 1           O           O           O           O           O           O
         307       Pid 2       Pid 1           O           O           O           O           O           O
         308       Pid 2       Pid 1           O           O           O           O           O           O
         309       Pid 2       Pid 1           O           O           O           O           O           O
         310       Pid 2       Pid 1           O           O           O           O           O           O
         311       Pid 2       Pid 1           O           O           O           O           O           O
         312       Pid 2       Pid 1           O           O           O           O           O           O
         313       Pid 2       Pid 1           O           O           O           O           O           O
         314       Pid 2       Pid 1           O           O           O           O           O           O
         315       Pid 2       Pid 1           O           O           O           O           O           O
         316       Pid 2       Pid 1           O           O           O           O           O           O
         317       Pid 2       Pid 1           O           O           O           O           O           O
         318       Pid 2       Pid 1           O           O           O           O           O           O
         319       Pid 2       Pid 1           O           O           O           O           O           O
         320       Pid 2           I           O           O           O           O           O           O
         321       Pid 2           I           O           O           O           O           O           O
         322       Pid 2           I           O           O           O           O           O           O
         323       Pid 2           I           O           O           O           O           O           O
         324       Pid 2           I           O           O           O           O           O           O
         325       Pid 2           I           O           O           O           O           O           O
         326       Pid 2           I           O           O           O           O           O           O
         327       Pid 2           I           O           O           O           O           O           O
         328       Pid 2           I           O           O           O           O           O           O
         329       Pid 2           I           O           O           O           O           O           O
         330       Pid 2           I           O           O           O           O           O           O
         331       Pid 2           I           O           O           O           O           O           O
         332       Pid 2           I           O           O           O           O           O           O
         333       Pid 2           I           O           O           O           O           O           O
         334       Pid 2           I           O           O           O           O           O           O
         335       Pid 2           I           O           O           O           O           O           O
         336       Pid 2           I           O           O           O           O           O           O
         337       Pid 2           I           O           O           O           O           O           O
         338       Pid 2           I           O           O           O           O           O           O
         339       Pid 2           I           O           O           O           O           O           O
         340       Pid 2           I           O           O           O           O           O           O
         341       Pid 0           I           O           O           O           O           O           O
         342       Pid 0           I           O           O           O           O           O           O
         343       Pid 0           I           O           O           O           O           O           O
         344       Pid 0           I           O           O           O           O           O           O
         345       Pid 0           I           O           O           O           O           O           O
         346       Pid 0           I           O           O           O           O           O           O
         347       Pid 0           I           O           O           O           O           O           O
         348       Pid 0           I           O           O           O           O           O           O
         349       Pid 0           I           O           O           O           O           O           O
         350       Pid 0           I           O           O           O           O           O           O
         351       Pid 0           I           O           O           O           O           O           O
         352       Pid 0           I           O           O           O           O           O           O
         353       Pid 0           I           O           O           O           O           O           O
         354       Pid 0           I           O           O           O           O           O           O
         355       Pid 0           I           O           O           O           O           O           O
         356       Pid 0           I           O           O           O           O           O           O
         357       Pid 0           I           O           O           O           O           O           O
         358       Pid 0           I           O           O           O           O           O           O
         359       Pid 0           I           O           O           O           O           O           O
         360       Pid 0           I           O           O           O           O           O           O
         361       Pid 0           I           O           O           O           O           O           O
         362       Pid 0           I           O           O           O           O           O           O
         363       Pid 0           I           O           O           O           O           O           O
         364       Pid 0           I           O           O           O           O           O           O
         365       Pid 0           I           O           O           O           O           O           O
         366       Pid 0           I           O           O           O           O           O           O
         367       Pid 0           I           O           O           O           O           O           O
         368       Pid 0           I           O           O           O           O           O           O
         369       Pid 0           I           O           O           O           O           O           O
         370       Pid 0           I           O           O           O           O           O           O
         371       Pid 0           I           O           O           O           O           O           O
         372       Pid 0           I           O           O           O           O           O           O
         373       Pid 0           I           O           O           O           O           O           O
         374       Pid 0           I           O           O           O           O           O           O
         375       Pid 0           I           O           O           O           O           O           O
         376       Pid 0           I           O           O           O           O           O           O
         377       Pid 3           I           O           O           O           O           O           O
         378       Pid 3           I           O           O           O           O           O           O
         379       Pid 3           I           O           O           O           O           O           O
         380       Pid 3           I           O           O           O           O           O           O
         381       Pid 3           I           O           O           O           O           O           O
         382       Pid 3           I           O           O           O           O           O           O
         383       Pid 3           I           O           O           O           O           O           O
         384       Pid 3           I           O           O           O           O           O           O
         385       Pid 3           I           O           O           O           O           O           O
         386       Pid 3           I           O           O           O           O           O           O
         387       Pid 3           I           O           O           O           O           O           O
         388       Pid 3           I           O           O           O           O           O           O
         389       Pid 3           I           O           O           O           O           O           O
         390       Pid 3           I           O           O           O           O           O           O
         391       Pid 3           I           O           O           O           O           O           O
         392       Pid 3           I           O           O           O           O           O           O
         393       Pid 3           I           O           O           O           O           O           O
         394       Pid 3           I           O           O           O           O           O           O
         395       Pid 3           I           O           O           O           O           O           O
         396       Pid 3           I           O           O           O           O           O           O
         397       Pid 3           I           O           O           O           O           O           O
         398       Pid 3           I           O           O           O           O           O           O
         399       Pid 3           I           O           O           O           O           O           O
         400       Pid 3           I           O           O           O           O           O           O
     Epoch 5      Core 0      Core 1      Core 2      Core 3      Core 4      Core 5      Core 6      Core 7
         401       Pid 3           I           O           O           O           O           O           O
         402       Pid 3           I           O           O           O           O           O           O
         403       Pid 3           I           O           O           O           O           O           O
         404       Pid 3           I           O           O           O           O           O           O
         405       Pid 3           I           O           O           O           O           O           O
         406       Pid 3           I           O           O           O           O           O           O
         407       Pid 3           I           O           O           O           O           O           O
         408       Pid 3           I           O           O           O           O           O           O
         409       Pid 3           I           O           O           O           O           O           O
         410       Pid 3           I           O           O           O           O           O           O
         411       Pid 3           I           O           O           O           O           O           O
         412       Pid 3           I           O           O           O           O           O           O
         413       Pid 3           I           O           O           O           O           O           O
         414       Pid 3           I           O           O           O           O           O           O
         415       Pid 3           I           O           O           O           O           O           O
         416       Pid 3           I           O           O           O           O           O           O
         417           I           I           O           O           O           O           O           O
         418           I           I           O           O           O           O           O           O
         419           I           I           O           O           O           O           O           O
         420           I           I           O           O           O           O           O           O
         421           I           I           O           O           O           O           O           O
         422           I           I           O           O           O           O           O           O
         423           I           I           O           O           O           O           O           O
         424           I           I           O           O           O           O           O           O
         425           I           I           O           O           O           O           O           O
         426           I           I           O           O           O           O           O           O
         427           I           I           O           O           O           O           O           O
         428           I           I           O           O           O           O           O           O
         429           I           I           O           O           O           O           O           O
         430           I           I           O           O           O           O           O           O
         431           I           I           O           O           O           O           O           O
         432           I           I           O           O           O           O           O           O
         433           I           I           O           O           O           O           O           O
         434           I           I           O           O           O           O           O           O
         435           I           I           O           O           O           O           O           O
         436           I           I           O           O           O           O           O           O
         437           I           I           O           O           O           O           O           O
         438           I           I           O           O           O           O           O           O
         439           I           I           O           O           O           O           O           O
         440           I           I           O           O           O           O           O           O
         441           I           I           O           O           O           O           O           O
         442           I           I           O           O           O           O           O           O
         443       Pid 2           I           O           O           O           O           O           O
         444       Pid 2           I           O           O           O           O           O           O
         445       Pid 2           I           O           O           O           O           O           O
         446       Pid 2           I           O           O           O           O           O           O
         447       Pid 2           I           O           O           O           O           O           O
         448       Pid 2           I           O           O           O           O           O           O
         449       Pid 2           I           O           O           O           O           O           O
         450       Pid 2       Pid 1           O           O           O           O           O           O
         451       Pid 2       Pid 1           O           O           O           O           O           O
         452       Pid 2       Pid 1           O           O           O           O           O           O
         453       Pid 2       Pid 1           O           O           O           O           O           O
         454       Pid 2       Pid 1           O           O           O           O           O           O
         455       Pid 2       Pid 1           O           O           O           O           O           O
         456       Pid 2       Pid 1           O           O           O           O           O           O
         457       Pid 2       Pid 1           O           O           O           O           O           O
         458       Pid 2       Pid 1           O           O           O           O           O           O
         459       Pid 2       Pid 1           O           O           O           O           O           O
         460       Pid 2       Pid 1           O           O           O           O           O           O
         461       Pid 2       Pid 1           O           O           O           O           O           O
         462       Pid 2       Pid 1           O           O           O           O           O           O
         463       Pid 2       Pid 1           O           O           O           O           O           O
         464       Pid 2       Pid 1           O           O           O           O           O           O
         465       Pid 2       Pid 1           O           O           O           O           O           O
         466       Pid 2       Pid 1           O           O           O           O           O           O
         467       Pid 2       Pid 1           O           O           O           O           O           O
         468       Pid 2       Pid 1           O           O           O           O           O           O
         469       Pid 2       Pid 1           O           O           O           O           O           O
         470       Pid 2       Pid 1           O           O           O           O           O           O
         471       Pid 2       Pid 1           O           O           O           O           O           O
         472       Pid 2       Pid 1           O           O           O           O           O           O
         473       Pid 2       Pid 1           O           O           O           O           O           O
         474       Pid 2       Pid 1           O           O           O           O           O           O
         475       Pid 2       Pid 1           O           O           O           O           O           O
         476       Pid 2       Pid 1           O           O           O           O           O           O
         477       Pid 2       Pid 1           O           O           O           O           O           O
         478       Pid 2       Pid 1           O           O           O           O           O           O
         479       Pid 0       Pid 1           O           O           O           O           O           O
         480       Pid 0       Pid 1           O           O           O           O           O           O
         481       Pid 0       Pid 1           O           O           O           O           O           O
         482       Pid 0       Pid 1           O           O           O           O           O           O
         483       Pid 0       Pid 1           O           O           O           O           O           O
         484       Pid 0           I           O           O           O           O           O           O
         485       Pid 0           I           O           O           O           O           O           O
         486       Pid 0           I           O           O           O           O           O           O
         487       Pid 0           I           O           O           O           O           O           O
         488       Pid 0           I           O           O           O           O           O           O
         489       Pid 0           I           O           O           O           O           O           O
         490       Pid 0           I           O           O           O           O           O           O
         491       Pid 0           I           O           O           O           O           O           O
         492       Pid 0           I           O           O           O           O           O           O
         493       Pid 0           I           O           O           O           O           O           O
         494       Pid 0           I           O           O           O           O           O           O
         495       Pid 0           I           O           O           O           O           O           O
         496       Pid 0           I           O           O           O           O           O           O
         497       Pid 0           I           O           O           O           O           O           O
         498       Pid 0           I           O           O           O           O           O           O
         499       Pid 0           I           O           O           O           O           O           O
         500       Pid 0           I           O           O           O           O           O           O
     Epoch 6      Core 0      Core 1      Core 2      Core 3      Core 4      Core 5      Core 6      Core 7
         501       Pid 0           I           O           O           O           O           O           O
         502       Pid 0           I           O           O           O           O           O           O
         503       Pid 0           I           O           O           O           O           O           O
         504       Pid 0           I           O           O           O           O           O           O
         505       Pid 0           I           O           O           O           O           O           O
         506       Pid 0           I           O           O           O           O           O           O
         507       Pid 0           I           O           O           O           O           O           O
         508       Pid 0           I           O           O           O           O           O           O
         509       Pid 0           I           O           O           O           O           O           O
         510       Pid 0           I           O           O           O           O           O           O
         511       Pid 0           I           O           O           O           O           O           O
         512       Pid 0           I           O           O           O           O           O           O
         513       Pid 0           I           O           O           O           O           O           O
         514       Pid 0           I           O           O           O           O           O           O
         515           I           I           O           O           O           O           O           O
         516           I           I           O           O           O           O           O           O
         517           I           I           O           O           O           O           O           O
         518           I           I           O           O           O           O           O           O
         519           I           I           O           O           O           O           O           O
         520           I           I           O           O           O           O           O           O
         521           I           I           O           O           O           O           O           O
         522           I           I           O           O           O           O           O           O
         523           I           I           O           O           O           O           O           O
         524           I           I           O           O           O           O           O           O
         525           I           I           O           O           O           O           O           O
         526           I           I           O           O           O           O           O           O
         527           I           I           O           O           O           O           O           O
         528       Pid 3           I           O           O           O           O           O           O
         529       Pid 3           I           O           O           O           O           O           O
         530       Pid 3           I           O           O           O           O           O           O
         531       Pid 3           I           O           O           O           O           O           O
         532       Pid 3           I           O           O           O           O           O           O
         533       Pid 3           I           O           O           O           O           O           O
         534       Pid 3           I           O           O           O           O           O           O
         535       Pid 3           I           O           O           O           O           O           O
         536       Pid 3           I           O           O           O           O           O           O
         537       Pid 3           I           O           O           O           O           O           O
         538       Pid 3           I           O           O           O           O           O           O
         539       Pid 3           I           O           O           O           O           O           O
         540       Pid 3           I           O           O           O           O           O           O
         541       Pid 3           I           O           O           O           O           O           O
         542       Pid 3           I           O           O           O           O           O           O
         543       Pid 3           I           O           O           O           O           O           O
         544       Pid 3           I           O           O           O           O           O           O
         545       Pid 3           I           O           O           O           O           O           O
         546       Pid 3           I           O           O           O           O           O           O
         547       Pid 3           I           O           O           O           O           O           O
         548       Pid 3           I           O           O           O           O           O           O
         549       Pid 3           I           O           O           O           O           O           O
         550       Pid 3           I           O           O           O           O           O           O
         551       Pid 3           I           O           O           O           O           O           O
         552       Pid 3           I           O           O           O           O           O           O
         553       Pid 3           I           O           O           O           O           O           O
         554       Pid 3           I           O           O           O           O           O           O
         555       Pid 3           I           O           O           O           O           O           O
         556       Pid 3           I           O           O           O           O           O           O
         557       Pid 3           I           O           O           O           O           O           O
         558       Pid 3           I           O           O           O           O           O           O
         559       Pid 3           I           O           O           O           O           O           O
         560       Pid 3           I           O           O           O           O           O           O
         561           I           I           O           O           O           O           O           O
         562           I           I           O           O           O           O           O           O
         563           I           I           O           O           O           O           O           O
         564           I           I           O           O           O           O           O           O
         565           I           I           O           O           O           O           O           O
         566           I           I           O           O           O           O           O           O
         567           I           I           O           O           O           O           O           O
         568           I           I           O           O           O           O           O           O
         569           I           I           O           O           O           O           O           O
         570           I           I           O           O           O           O           O           O
         571           I           I           O           O           O           O           O           O
         572           I           I           O           O           O           O           O           O
         573           I           I           O           O           O           O           O           O
         574           I       Pid 1           O           O           O           O           O           O
         575           I       Pid 1           O           O           O           O           O           O
         576           I       Pid 1           O           O           O           O           O           O
         577           I       Pid 1           O           O           O           O           O           O
         578           I       Pid 1           O           O           O           O           O           O
         579           I       Pid 1           O           O           O           O           O           O
         580           I       Pid 1           O           O           O           O           O           O
         581           I       Pid 1           O           O           O           O           O           O
         582           I       Pid 1           O           O           O           O           O           O
         583           I       Pid 1           O           O           O           O           O           O
         584           I       Pid 1           O           O           O           O           O           O
         585           I       Pid 1           O           O           O           O           O           O
         586           I       Pid 1           O           O           O           O           O           O
         587           I       Pid 1           O           O           O           O           O           O
         588           I       Pid 1           O           O           O           O           O           O
         589           I       Pid 1           O           O           O           O           O           O
         590           I       Pid 1           O           O           O           O           O           O
         591           I       Pid 1           O           O           O           O           O           O
         592           I       Pid 1           O           O           O           O           O           O
         593           I       Pid 1           O           O           O           O           O           O
         594           I       Pid 1           O           O           O           O           O           O
         595           I       Pid 1           O           O           O           O           O           O
         596           I       Pid 1           O           O           O           O           O           O
         597           I       Pid 1           O           O           O           O           O           O
         598       Pid 2       Pid 1           O           O           O           O           O           O
         599       Pid 2       Pid 1           O           O           O           O           O           O
         600       Pid 2       Pid 1           O           O           O           O           O           O
     Epoch 7      Core 0      Core 1      Core 2      Core 3      Core 4      Core 5      Core 6      Core 7
         601       Pid 2       Pid 1           O           O           O           O           O           O
         602       Pid 2       Pid 1           O           O           O           O           O           O
         603       Pid 2       Pid 1           O           O           O           O           O           O
         604       Pid 2       Pid 1           O           O           O           O           O           O
         605       Pid 2       Pid 1           O           O           O           O           O           O
         606       Pid 2       Pid 1           O           O           O           O           O           O
         607       Pid 2       Pid 4           O           O           O           O           O           O
         608       Pid 2       Pid 4           O           O           O           O           O           O
         609       Pid 2       Pid 4           O           O           O           O           O           O
         610       Pid 2       Pid 4           O           O           O           O           O           O
         611       Pid 2       Pid 4           O           O           O           O           O           O
         612       Pid 2       Pid 4           O           O           O           O           O           O
         613       Pid 2       Pid 4           O           O           O           O           O           O
         614       Pid 2       Pid 4           O           O           O           O           O           O
         615       Pid 2       Pid 4           O           O           O           O           O           O
         616       Pid 2       Pid 4           O           O           O           O           O           O
         617       Pid 2       Pid 4           O           O           O           O           O           O
         618       Pid 2       Pid 4           O           O           O           O           O           O
         619       Pid 2       Pid 4           O           O           O           O           O           O
         620       Pid 2       Pid 4           O           O           O           O           O           O
         621       Pid 2       Pid 4           O           O           O           O           O           O
         622       Pid 2       Pid 4           O           O           O           O           O           O
         623       Pid 2       Pid 4           O           O           O           O           O           O
         624       Pid 2       Pid 4           O           O           O           O           O           O
         625       Pid 2       Pid 4           O           O           O           O           O           O
         626       Pid 2       Pid 4           O           O           O           O           O           O
         627       Pid 2       Pid 4           O           O           O           O           O           O
         628       Pid 2       Pid 4           O           O           O           O           O           O
         629       Pid 2       Pid 4           O           O           O           O           O           O
         630       Pid 2       Pid 4           O           O           O           O           O           O
         631       Pid 2       Pid 4           O           O           O           O           O           O
         632       Pid 2       Pid 4           O           O           O           O           O           O
         633       Pid 2       Pid 4           O           O           O           O           O           O
         634       Pid 2       Pid 4           O           O           O           O           O           O
         635       Pid 2       Pid 4           O           O           O           O           O           O
         636       Pid 0       Pid 4           O           O           O           O           O           O
         637       Pid 0       Pid 4           O           O           O           O           O           O
         638       Pid 0       Pid 4           O           O           O           O           O           O
         639       Pid 0       Pid 4           O           O           O           O           O           O
         640       Pid 0       Pid 4           O           O           O           O           O           O
         641       Pid 0       Pid 4           O           O           O           O           O           O
         642       Pid 0       Pid 4           O           O           O           O           O           O
         643       Pid 0       Pid 4           O           O           O           O           O           O
         644       Pid 0       Pid 4           O           O           O           O           O           O
         645       Pid 0       Pid 5           O           O           O           O           O           O
         646       Pid 0       Pid 5           O           O           O           O           O           O
         647       Pid 0       Pid 5           O           O           O           O           O           O
         648       Pid 0       Pid 5           O           O           O           O           O           O
         649       Pid 0       Pid 5           O           O           O           O           O           O
         650       Pid 0       Pid 5           O           O           O           O           O           O
         651       Pid 0       Pid 5           O           O           O           O           O           O
         652       Pid 0       Pid 5           O           O           O           O           O           O
         653       Pid 0       Pid 5           O           O           O           O           O           O
         654       Pid 0       Pid 5           O           O           O           O           O           O
         655       Pid 0       Pid 5           O           O           O           O           O           O
         656       Pid 0       Pid 5           O           O           O           O           O           O
         657       Pid 0       Pid 5           O           O           O           O           O           O
         658       Pid 0       Pid 5           O           O           O           O           O           O
         659       Pid 0       Pid 5           O           O           O           O           O           O
         660       Pid 0       Pid 5           O           O           O           O           O           O
         661       Pid 0       Pid 5           O           O           O           O           O           O
         662       Pid 0       Pid 5           O           O           O           O           O           O
         663       Pid 0       Pid 5           O           O           O           O           O           O
         664       Pid 0       Pid 5           O           O           O           O           O           O
         665       Pid 0       Pid 5           O           O           O           O           O           O
         666       Pid 0       Pid 5           O           O           O           O           O           O
         667       Pid 0       Pid 5           O           O           O           O           O           O
         668       Pid 0       Pid 5           O           O           O           O           O           O
         669       Pid 0       Pid 5           O           O           O           O           O           O
         670       Pid 0       Pid 5           O           O           O           O           O           O
         671       Pid 0       Pid 5           O           O           O           O           O           O
         672       Pid 0       Pid 5           O           O           O           O           O           O
         673       Pid 0       Pid 5           O           O           O           O           O           O
         674       Pid 3       Pid 5           O           O           O           O           O           O
         675       Pid 3       Pid 5           O           O           O           O           O           O
         676       Pid 3       Pid 5           O           O           O           O           O           O
         677       Pid 3       Pid 5           O           O           O           O           O           O
         678       Pid 3       Pid 5           O           O           O           O           O           O
         679       Pid 3       Pid 5           O           O           O           O           O           O
         680       Pid 3       Pid 5           O           O           O           O           O           O
         681       Pid 3       Pid 5           O           O           O           O           O           O
         682       Pid 3       Pid 5           O           O           O           O           O           O
         683       Pid 3       Pid 5           O           O           O           O           O           O
         684       Pid 3       Pid 5           O           O           O           O           O           O
         685       Pid 3           I           O           O           O           O           O           O
         686       Pid 3           I           O           O           O           O           O           O
         687       Pid 3           I           O           O           O           O           O           O
         688       Pid 3           I           O           O           O           O           O           O
         689       Pid 3           I           O           O           O           O           O           O
         690       Pid 3           I           O           O           O           O           O           O
         691       Pid 3           I           O           O           O           O           O           O
         692       Pid 3           I           O           O           O           O           O           O
         693       Pid 3           I           O           O           O           O           O           O
         694       Pid 3           I           O           O           O           O           O           O
         695       Pid 3           I           O           O           O           O           O           O
         696       Pid 3           I           O           O           O           O           O           O
         697       Pid 3           I           O           O           O           O           O           O
         698       Pid 3       Pid 1           O           O           O           O           O           O
         699       Pid 3       Pid 1           O           O           O           O           O           O
         700       Pid 3       Pid 1           O           O           O           O           O           O
     Epoch 8      Core 0      Core 1      Core 2      Core 3      Core 4      Core 5      Core 6      Core 7
         701       Pid 3       Pid 1           I           O           O           O           O           O
         702       Pid 3       Pid 1           I           O           O           O           O           O
         703       Pid 3       Pid 1           I           O           O           O           O           O
         704       Pid 3       Pid 1           I           O           O           O           O           O
         705       Pid 3       Pid 1           I           O           O           O           O           O
         706       Pid 3       Pid 1           I           O           O           O           O           O
         707       Pid 3       Pid 1           I           O           O           O           O           O
         708       Pid 3       Pid 1           I           O           O           O           O           O
         709           I       Pid 1           I           O           O           O           O           O
         710           I       Pid 1           I           O           O           O           O           O
         711           I       Pid 1           I           O           O           O           O           O
         712           I       Pid 1           I           O           O           O           O           O
         713           I       Pid 1           I           O           O           O           O           O
         714           I       Pid 1           I           O           O           O           O           O
         715           I       Pid 1           I           O           O           O           O           O
         716           I       Pid 1           I           O           O           O           O           O
         717           I       Pid 1           I           O           O           O           O           O
         718           I       Pid 1           I           O           O           O           O           O
         719           I       Pid 1           I           O           O           O           O           O
         720           I       Pid 1           I           O           O           O           O           O
         721           I       Pid 1           I           O           O           O           O           O
         722           I       Pid 1           I           O           O           O           O           O
         723           I       Pid 1           I           O           O           O           O           O
         724           I       Pid 1           I           O           O           O           O           O
         725           I       Pid 1           I           O           O           O           O           O
         726           I       Pid 1           I           O           O           O           O           O
         727           I       Pid 1           I           O           O           O           O           O
         728           I       Pid 1           I           O           O           O           O           O
         729           I       Pid 1           I           O           O           O           O           O
         730           I       Pid 1           I           O           O           O           O           O
         731           I           I           I           O           O           O           O           O
         732           I           I           I           O           O           O           O           O
         733       Pid 2           I           I           O           O           O           O           O
         734       Pid 2           I           I           O           O           O           O           O
         735       Pid 2           I           I           O           O           O           O           O
         736       Pid 2           I           I           O           O           O           O           O
         737       Pid 2           I           I           O           O           O           O           O
         738       Pid 2           I           I           O           O           O           O           O
         739       Pid 2           I           I           O           O           O           O           O
         740       Pid 2           I           I           O           O           O           O           O
         741       Pid 2           I           I           O           O           O           O           O
         742       Pid 2           I           I           O           O           O           O           O
         743       Pid 2           I           I           O           O           O           O           O
         744       Pid 2           I           I           O           O           O           O           O
         745       Pid 2           I           I           O           O           O           O           O
         746       Pid 2           I           I           O           O           O           O           O
         747       Pid 2           I           I           O           O           O           O           O
         748       Pid 2           I           I           O           O           O           O           O
         749       Pid 2           I           I           O           O           O           O           O
         750       Pid 2           I           I           O           O           O           O           O
         751       Pid 2           I           I           O           O           O           O           O
         752       Pid 2           I           I           O           O           O           O           O
         753       Pid 2           I           I           O           O           O           O           O
         754       Pid 2           I           I           O           O           O           O           O
         755       Pid 2           I           I           O           O           O           O           O
         756       Pid 2           I           I           O           O           O           O           O
         757       Pid 2           I           I           O           O           O           O           O
         758       Pid 2           I           I           O           O           O           O           O
         759       Pid 2           I           I           O           O           O           O           O
         760       Pid 2           I           I           O           O           O           O           O
         761       Pid 2           I           I           O           O           O           O           O
         762       Pid 2           I           I           O           O           O           O           O
         763       Pid 2           I           I           O           O           O           O           O
         764       Pid 2           I           I           O           O           O           O           O
         765       Pid 2           I           I           O           O           O           O           O
         766       Pid 2           I           I           O           O           O           O           O
         767       Pid 2           I           I           O           O           O           O           O
         768           I           I           I           O           O           O           O           O
         769           I           I           I           O           O           O           O           O
         770           I           I           I           O           O           O           O           O
         771           I           I           I           O           O           O           O           O
         772           I           I           I           O           O           O           O           O
         773           I           I           I           O           O           O           O           O
         774           I           I           I           O           O           O           O           O
         775           I       Pid 4           I           O           O           O           O           O
         776           I       Pid 4           I           O           O           O           O           O
         777           I       Pid 4           I           O           O           O           O           O
         778           I       Pid 4           I           O           O           O           O           O
         779           I       Pid 4           I           O           O           O           O           O
         780           I       Pid 4           I           O           O           O           O           O
         781           I       Pid 4           I           O           O           O           O           O
         782           I       Pid 4           I           O           O           O           O           O
         783           I       Pid 4           I           O           O           O           O           O
         784           I       Pid 4           I           O           O           O           O           O
         785           I       Pid 4           I           O           O           O           O           O
         786           I       Pid 4           I           O           O           O           O           O
         787           I       Pid 4           I           O           O           O           O           O
         788           I       Pid 4           I           O           O           O           O           O
         789           I       Pid 4           I           O           O           O           O           O
         790           I       Pid 4           I           O           O           O           O           O
         791           I       Pid 4           I           O           O           O           O           O
         792           I       Pid 4           I           O           O           O           O           O
         793           I       Pid 4           I           O           O           O           O           O
         794           I       Pid 4           I           O           O           O           O           O
         795           I       Pid 4           I           O           O           O           O           O
         796           I       Pid 4           I           O           O           O           O           O
         797           I       Pid 4           I           O           O           O           O           O
         798           I       Pid 4           I           O           O           O           O           O
         799       Pid 0       Pid 4           I           O           O           O           O           O
         800       Pid 0       Pid 4           I           O           O           O           O           O
     Epoch 9      Core 0      Core 1      Core 2      Core 3      Core 4      Core 5      Core 6      Core 7
         801       Pid 0       Pid 4           I           O           O           O           O           O
         802       Pid 0       Pid 4           I           O           O           O           O           O
         803       Pid 0       Pid 4           I           O           O           O           O           O
         804       Pid 0       Pid 4           I           O           O           O           O           O
         805       Pid 0       Pid 4           I           O           O           O           O           O
         806       Pid 0       Pid 4           I           O           O           O           O           O
         807       Pid 0       Pid 4           I           O           O           O           O           O
         808       Pid 0       Pid 4           I           O           O           O           O           O
         809       Pid 0       Pid 4           I           O           O           O           O           O
         810       Pid 0       Pid 4           I           O           O           O           O           O
         811       Pid 0       Pid 4           I           O           O           O           O           O
         812       Pid 0       Pid 4           I           O           O           O           O           O
         813       Pid 0       Pid 4           I           O           O           O           O           O
         814       Pid 0       Pid 4           I           O           O           O           O           O
         815       Pid 0       Pid 5           I           O           O           O           O           O
         816       Pid 0       Pid 5           I           O           O           O           O           O
         817       Pid 0       Pid 5           I           O           O           O           O           O
         818       Pid 0       Pid 5           I           O           O           O           O           O
         819       Pid 0       Pid 5           I           O           O           O           O           O
         820       Pid 0       Pid 5           I           O           O           O           O           O
         821       Pid 0       Pid 5           I           O           O           O           O           O
         822       Pid 0       Pid 5           I           O           O           O           O           O
         823       Pid 0       Pid 5           I           O           O           O           O           O
         824       Pid 0       Pid 5           I           O           O           O           O           O
         825       Pid 0       Pid 5           I           O           O           O           O           O
         826       Pid 0       Pid 5           I           O           O           O           O           O
         827       Pid 0       Pid 5           I           O           O           O           O           O
         828       Pid 0       Pid 5           I           O           O           O           O           O
         829       Pid 3       Pid 5           I           O           O           O           O           O
         830       Pid 3       Pid 5           I           O           O           O           O           O
         831       Pid 3       Pid 5           I           O           O           O           O           O
         832       Pid 3       Pid 5           I           O           O           O           O           O
         833       Pid 3       Pid 5           I           O           O           O           O           O
         834       Pid 3       Pid 5           I           O           O           O           O           O
         835       Pid 3       Pid 5           I           O           O           O           O           O
         836       Pid 3       Pid 5           I           O           O           O           O           O
         837       Pid 3       Pid 5           I           O           O           O           O           O
         838       Pid 3       Pid 5           I           O           O           O           O           O
         839       Pid 3       Pid 5           I           O           O           O           O           O
         840       Pid 3       Pid 5           I           O           O           O           O           O
         841       Pid 3       Pid 5           I           O           O           O           O           O
         842       Pid 3       Pid 5           I           O           O           O           O           O
         843       Pid 3       Pid 5           I           O           O           O           O           O
         844       Pid 3       Pid 5           I           O           O           O           O           O
         845       Pid 3       Pid 5           I           O           O           O           O           O
         846       Pid 3           I           I           O           O           O           O           O
         847       Pid 3       Pid 1           I           O           O           O           O           O
         848       Pid 3       Pid 1           I           O           O           O           O           O
         849       Pid 3       Pid 1           I           O           O           O           O           O
         850       Pid 3       Pid 1           I           O           O           O           O           O
         851       Pid 3       Pid 1           I           O           O           O           O           O
         852       Pid 3       Pid 1           I           O           O           O           O           O
         853       Pid 3       Pid 1           I           O           O           O           O           O
         854       Pid 3       Pid 1           I           O           O           O           O           O
         855       Pid 3       Pid 1           I           O           O           O           O           O
         856       Pid 3       Pid 1           I           O           O           O           O           O
         857       Pid 3       Pid 1           I           O           O           O           O           O
         858       Pid 3       Pid 1           I           O           O           O           O           O
         859       Pid 2       Pid 1           I           O           O           O           O           O
         860       Pid 2       Pid 1           I           O           O           O           O           O
         861       Pid 2       Pid 1           I           O           O           O           O           O
         862       Pid 2       Pid 1           I           O           O           O           O           O
         863       Pid 2       Pid 1           I           O           O           O           O           O
         864       Pid 2       Pid 1           I           O           O           O           O           O
         865       Pid 2       Pid 1           I           O           O           O           O           O
         866       Pid 2       Pid 1           I           O           O           O           O           O
         867       Pid 2       Pid 1           I           O           O           O           O           O
         868       Pid 2       Pid 1           I           O           O           O           O           O
         869       Pid 2       Pid 1           I           O           O           O           O           O
         870       Pid 2       Pid 1           I           O           O           O           O           O
         871       Pid 2       Pid 1           I           O           O           O           O           O
         872       Pid 2       Pid 1           I           O           O           O           O           O
         873       Pid 2       Pid 1           I           O           O           O           O           O
         874       Pid 2       Pid 1           I           O           O           O           O           O
         875       Pid 2       Pid 1           I           O           O           O           O           O
         876       Pid 2       Pid 1           I           O           O           O           O           O
         877       Pid 2       Pid 1           I           O           O           O           O           O
         878       Pid 2       Pid 1           I           O           O           O           O           O
         879       Pid 2       Pid 1           I           O           O           O           O           O
         880       Pid 2       Pid 1           I           O           O           O           O           O
         881       Pid 2       Pid 1           I           O           O           O           O           O
         882       Pid 2       Pid 1           I           O           O           O           O           O
         883       Pid 2       Pid 1           I           O           O           O           O           O
         884       Pid 2           I           I           O           O           O           O           O
         885       Pid 2           I           I           O           O           O           O           O
         886       Pid 2           I           I           O           O           O           O           O
         887       Pid 2           I           I           O           O           O           O           O
         888       Pid 2           I           I           O           O           O           O           O
         889       Pid 2           I           I           O           O           O           O           O
         890       Pid 2           I           I           O           O           O           O           O
         891       Pid 2           I           I           O           O           O           O           O
         892       Pid 2           I           I           O           O           O           O           O
         893       Pid 2           I           I           O           O           O           O           O
         894       Pid 2           I           I           O           O           O           O           O
         895       Pid 2           I           I           O           O           O           O           O
         896       Pid 2           I           I           O           O           O           O           O
         897       Pid 2           I           I           O           O           O           O           O
         898           I           I           I           O           O           O           O           O
         899           I           I           I           O           O           O           O           O
         900           I           I           I           O           O           O           O           O
    Epoch 10      Core 0      Core 1      Core 2      Core 3      Core 4      Core 5      Core 6      Core 7
         901           I           I           I           O           O           O           O           O
         902           I           I       Pid 6           O           O           O           O           O
         903           I           I       Pid 6           O           O           O           O           O
         904           I           I       Pid 6           O           O           O           O           O
         905           I           I       Pid 6           O           O           O           O           O
         906           I           I       Pid 6           O           O           O           O           O
         907           I           I       Pid 6           O           O           O           O           O
         908           I           I       Pid 6           O           O           O           O           O
         909           I           I       Pid 6           O           O           O           O           O
         910           I           I       Pid 6           O           O           O           O           O
         911           I           I       Pid 6           O           O           O           O           O
         912           I           I       Pid 6           O           O           O           O           O
         913           I       Pid 4       Pid 6           O           O           O           O           O
         914           I       Pid 4       Pid 6           O           O           O           O           O
         915           I       Pid 4       Pid 6           O           O           O           O           O
         916           I       Pid 4       Pid 6           O           O           O           O           O
         917           I       Pid 4       Pid 6           O           O           O           O           O
         918           I       Pid 4       Pid 6           O           O           O           O           O
         919           I       Pid 4       Pid 6           O           O           O           O           O
         920           I       Pid 4       Pid 6           O           O           O           O           O
         921           I       Pid 4       Pid 6           O           O           O           O           O
         922           I       Pid 4       Pid 6           O           O           O           O           O
         923           I       Pid 4       Pid 6           O           O           O           O           O
         924           I       Pid 4       Pid 6           O           O           O           O           O
         925           I       Pid 4       Pid 6           O           O           O           O           O
         926           I       Pid 4       Pid 6           O           O           O           O           O
         927           I       Pid 4       Pid 6           O           O           O           O           O
         928           I       Pid 4       Pid 6           O           O           O           O           O
         929           I       Pid 4       Pid 6           O           O           O           O           O
         930           I       Pid 4       Pid 6           O           O           O           O           O
         931           I       Pid 4       Pid 6           O           O           O           O           O
         932           I       Pid 4       Pid 6           O           O           O           O           O
         933           I       Pid 4       Pid 6           O           O           O           O           O
         934           I       Pid 4       Pid 6           O           O           O           O           O
         935           I       Pid 4       Pid 6           O           O           O           O           O
         936           I       Pid 4       Pid 6           O           O           O           O           O
         937           I       Pid 4       Pid 6           O           O           O           O           O
         938           I       Pid 4       Pid 6           O           O           O           O           O
         939           I       Pid 4       Pid 6           O           O           O           O           O
         940           I       Pid 4       Pid 6           O           O           O           O           O
         941           I       Pid 4       Pid 6           O           O           O           O           O
         942           I       Pid 4       Pid 7           O           O           O           O           O
         943           I       Pid 4       Pid 7           O           O           O           O           O
         944           I       Pid 4       Pid 7           O           O           O           O           O
         945           I       Pid 4       Pid 7           O           O           O           O           O
         946           I       Pid 4       Pid 7           O           O           O           O           O
         947           I           I       Pid 7           O           O           O           O           O
         948           I           I       Pid 7           O           O           O           O           O
         949           I           I       Pid 7           O           O           O           O           O
         950           I           I       Pid 7           O           O           O           O           O
         951       Pid 0           I       Pid 7           O           O           O           O           O
         952       Pid 0           I       Pid 7           O           O           O           O           O
         953       Pid 0           I       Pid 7           O           O           O           O           O
         954       Pid 0           I       Pid 7           O           O           O           O           O
         955       Pid 0           I       Pid 7           O           O           O           O           O
         956       Pid 0           I       Pid 7           O           O           O           O           O
         957       Pid 0           I       Pid 7           O           O           O           O           O
         958       Pid 0           I       Pid 7           O           O           O           O           O
         959       Pid 0           I       Pid 7           O           O           O           O           O
         960       Pid 0           I       Pid 7           O           O           O           O           O
         961       Pid 0           I       Pid 7           O           O           O           O           O
         962       Pid 0           I       Pid 7           O           O           O           O           O
         963       Pid 0           I       Pid 7           O           O           O           O           O
         964       Pid 0           I       Pid 7           O           O           O           O           O
         965       Pid 0           I       Pid 7           O           O           O           O           O
         966       Pid 0       Pid 5       Pid 7           O           O           O           O           O
         967       Pid 0       Pid 5       Pid 7           O           O           O           O           O
         968       Pid 0       Pid 5       Pid 7           O           O           O           O           O
         969       Pid 0       Pid 5       Pid 7           O           O           O           O           O
         970       Pid 0       Pid 5       Pid 7           O           O           O           O           O
         971       Pid 0       Pid 5       Pid 7           O           O           O           O           O
         972       Pid 0       Pid 5       Pid 7           O           O           O           O           O
         973       Pid 0       Pid 5       Pid 7           O           O           O           O           O
         974       Pid 0       Pid 5       Pid 7           O           O           O           O           O
         975       Pid 0       Pid 5       Pid 7           O           O           O           O           O
         976       Pid 0       Pid 5       Pid 7           O           O           O           O           O
         977       Pid 0       Pid 5       Pid 7           O           O           O           O           O
         978       Pid 0       Pid 5       Pid 7           O           O           O           O           O
         979       Pid 0       Pid 5       Pid 7           O           O           O           O           O
         980       Pid 0       Pid 5       Pid 7           O           O           O           O           O
         981       Pid 0       Pid 5       Pid 7           O           O           O           O           O
         982       Pid 0       Pid 5           I           O           O           O           O           O
         983       Pid 0       Pid 5           I           O           O           O           O           O
         984       Pid 0       Pid 5           I           O           O           O           O           O
         985       Pid 0       Pid 5           I           O           O           O           O           O
         986       Pid 0       Pid 5           I           O           O           O           O           O
         987       Pid 0       Pid 5           I           O           O           O           O           O
         988       Pid 0       Pid 5           I           O           O           O           O           O
         989       Pid 3       Pid 5           I           O           O           O           O           O
         990       Pid 3       Pid 5           I           O           O           O           O           O
         991       Pid 3       Pid 5           I           O           O           O           O           O
         992       Pid 3       Pid 5           I           O           O           O           O           O
         993       Pid 3       Pid 5           I           O           O           O           O           O
         994       Pid 3       Pid 5           I           O           O           O           O           O
         995       Pid 3       Pid 5           I           O           O           O           O           O
         996       Pid 3       Pid 5           I           O           O           O           O           O
         997       Pid 3       Pid 5           I           O           O           O           O           O
         998       Pid 3       Pid 5           I           O           O           O           O           O
         999       Pid 3       Pid 5           I           O           O           O           O           O
        1000       Pid 3       Pid 5           I           O           O           O           O           O
    Epoch 11      Core 0      Core 1      Core 2      Core 3      Core 4      Core 5      Core 6      Core 7
        1001       Pid 3       Pid 1           I           O           O           O           O           O
        1002       Pid 3       Pid 1           I           O           O           O           O           O
        1003       Pid 3       Pid 1           I           O           O           O           O           O
        1004       Pid 3       Pid 1           I           O           O           O           O           O
        1005       Pid 3       Pid 1           I           O           O           O           O           O
        1006       Pid 3       Pid 1           I           O           O           O           O           O
        1007       Pid 3       Pid 1           I           O           O           O           O           O
        1008       Pid 3       Pid 1           I           O           O           O           O           O
        1009       Pid 3       Pid 1           I           O           O           O           O           O
        1010       Pid 3       Pid 1           I           O           O           O           O           O
        1011       Pid 3       Pid 1           I           O           O           O           O           O
        1012       Pid 3       Pid 1           I           O           O           O           O           O
        1013       Pid 3       Pid 1           I           O           O           O           O           O
        1014       Pid 3       Pid 1           I           O           O           O           O           O
        1015       Pid 3       Pid 1           I           O           O           O           O           O
        1016       Pid 3       Pid 1           I           O           O           O           O           O
        1017       Pid 3       Pid 1           I           O           O           O           O           O
        1018       Pid 3       Pid 1           I           O           O           O           O           O
        1019       Pid 3       Pid 1           I           O           O           O           O           O
        1020       Pid 3       Pid 1           I           O           O           O           O           O
        1021       Pid 3       Pid 1           I           O           O           O           O           O
        1022       Pid 3       Pid 1           I           O           O           O           O           O
        1023       Pid 3       Pid 1           I           O           O           O           O           O
        1024       Pid 3       Pid 1           I           O           O           O           O           O
        1025       Pid 3       Pid 1           I           O           O           O           O           O
        1026       Pid 3       Pid 1           I           O           O           O           O           O
        1027       Pid 3       Pid 1           I           O           O           O           O           O
        1028       Pid 3       Pid 1           I           O           O           O           O           O
        1029       Pid 2       Pid 1           I           O           O           O           O           O
        1030       Pid 2       Pid 1           I           O           O           O           O           O
        1031       Pid 2       Pid 1           I           O           O           O           O           O
        1032       Pid 2       Pid 1           I           O           O           O           O           O
        1033       Pid 2       Pid 1           I           O           O           O           O           O
        1034       Pid 2       Pid 1           I           O           O           O           O           O
        1035       Pid 2       Pid 1       Pid 6           O           O           O           O           O
        1036       Pid 2       Pid 1       Pid 6           O           O           O           O           O
        1037       Pid 2           I       Pid 6           O           O           O           O           O
        1038       Pid 2           I       Pid 6           O           O           O           O           O
        1039       Pid 2           I       Pid 6           O           O           O           O           O
        1040       Pid 2           I       Pid 6           O           O           O           O           O
        1041       Pid 2           I       Pid 6           O           O           O           O           O
        1042       Pid 2           I       Pid 6           O           O           O           O           O
        1043       Pid 2           I       Pid 6           O           O           O           O           O
        1044       Pid 2           I       Pid 6           O           O           O           O           O
        1045       Pid 2           I       Pid 6           O           O           O           O           O
        1046       Pid 2           I       Pid 6           O           O           O           O           O
        1047       Pid 2           I       Pid 6           O           O           O           O           O
        1048       Pid 2           I       Pid 6           O           O           O           O           O
        1049       Pid 2           I       Pid 6           O           O           O           O           O
        1050       Pid 2           I       Pid 6           O           O           O           O           O
        1051       Pid 2           I       Pid 6           O           O           O           O           O
        1052       Pid 2           I       Pid 6           O           O           O           O           O
        1053       Pid 2           I       Pid 6           O           O           O           O           O
        1054       Pid 2           I       Pid 6           O           O           O           O           O
        1055       Pid 2           I       Pid 6           O           O           O           O           O
        1056       Pid 2           I       Pid 6           O           O           O           O           O
        1057       Pid 2           I       Pid 6           O           O           O           O           O
        1058       Pid 2           I       Pid 6           O           O           O           O           O
        1059       Pid 2           I       Pid 6           O           O           O           O           O
        1060       Pid 2           I       Pid 6           O           O           O           O           O
        1061       Pid 2       Pid 4       Pid 6           O           O           O           O           O
        1062       Pid 2       Pid 4       Pid 6           O           O           O           O           O
        1063       Pid 2       Pid 4       Pid 6           O           O           O           O           O
        1064       Pid 2       Pid 4       Pid 6           O           O           O           O           O
        1065       Pid 2       Pid 4       Pid 6           O           O           O           O           O
        1066           I       Pid 4       Pid 6           O           O           O           O           O
        1067           I       Pid 4       Pid 6           O           O           O           O           O
        1068           I       Pid 4       Pid 6           O           O           O           O           O
        1069           I       Pid 4       Pid 6           O           O           O           O           O
        1070           I       Pid 4       Pid 6           O           O           O           O           O
        1071           I       Pid 4       Pid 6           O           O           O           O           O
        1072           I       Pid 4       Pid 6           O           O           O           O           O
        1073           I       Pid 4           I           O           O           O           O           O
        1074           I       Pid 4           I           O           O           O           O           O
        1075           I       Pid 4           I           O           O           O           O           O
        1076           I       Pid 4           I           O           O           O           O           O
        1077           I       Pid 4           I           O           O           O           O           O
        1078           I       Pid 4           I           O           O           O           O           O
        1079           I       Pid 4           I           O           O           O           O           O
        1080           I       Pid 4           I           O           O           O           O           O
        1081           I       Pid 4           I           O           O           O           O           O
        1082           I       Pid 4           I           O           O           O           O           O
        1083           I       Pid 4           I           O           O           O           O           O
        1084           I       Pid 4           I           O           O           O           O           O
        1085           I       Pid 4           I           O           O           O           O           O
        1086           I       Pid 4           I           O           O           O           O           O
        1087           I       Pid 4           I           O           O           O           O           O
        1088           I       Pid 4           I           O           O           O           O           O
        1089           I       Pid 4           I           O           O           O           O           O
        1090           I       Pid 4           I           O           O           O           O           O
        1091           I       Pid 4           I           O           O           O           O           O
        1092           I       Pid 4           I           O           O           O           O           O
        1093           I           I           I           O           O           O           O           O
        1094           I           I           I           O           O           O           O           O
        1095           I           I           I           O           O           O           O           O
        1096           I           I           I           O           O           O           O           O
        1097           I           I           I           O           O           O           O           O
        1098           I           I           I           O           O           O           O           O
        1099           I           I           I           O           O           O           O           O
        1100           I           I           I           O           O           O           O           O
    Epoch 12      Core 0      Core 1      Core 2      Core 3      Core 4      Core 5      Core 6      Core 7
        1101           I           I           I           O           O           O           O           O
        1102           I           I           I           O           O           O           O           O
        1103           I       Pid 5           I           O           O           O           O           O
        1104           I       Pid 5       Pid 7           O           O           O           O           O
        1105           I       Pid 5       Pid 7           O           O           O           O           O
        1106           I       Pid 5       Pid 7           O           O           O           O           O
        1107           I       Pid 5       Pid 7           O           O           O           O           O
        1108       Pid 0       Pid 5       Pid 7           O           O           O           O           O
        1109       Pid 0       Pid 5       Pid 7           O           O           O           O           O
        1110       Pid 0       Pid 5       Pid 7           O           O           O           O           O
        1111       Pid 0       Pid 5       Pid 7           O           O           O           O           O
        1112       Pid 0       Pid 5       Pid 7           O           O           O           O           O
        1113       Pid 0       Pid 5       Pid 7           O           O           O           O           O
        1114       Pid 0       Pid 5       Pid 7           O           O           O           O           O
        1115       Pid 0       Pid 5       Pid 7           O           O           O           O           O
        1116       Pid 0       Pid 5       Pid 7           O           O           O           O           O
        1117       Pid 0       Pid 5       Pid 7           O           O           O           O           O
        1118       Pid 0       Pid 5       Pid 7           O           O           O           O           O
        1119       Pid 0       Pid 5       Pid 7           O           O           O           O           O
        1120       Pid 0       Pid 5       Pid 7           O           O           O           O           O
        1121       Pid 0       Pid 5       Pid 7           O           O           O           O           O
        1122       Pid 0       Pid 5       Pid 7           O           O           O           O           O
        1123       Pid 0       Pid 5       Pid 7           O           O           O           O           O
        1124       Pid 0       Pid 5       Pid 7           O           O           O           O           O
        1125       Pid 0       Pid 5       Pid 7           O           O           O           O           O
        1126       Pid 0       Pid 5       Pid 7           O           O           O           O           O
        1127       Pid 0       Pid 5       Pid 7           O           O           O           O           O
        1128       Pid 0       Pid 5       Pid 7           O           O           O           O           O
        1129       Pid 0       Pid 5       Pid 7           O           O           O           O           O
        1130       Pid 0       Pid 5       Pid 7           O           O           O           O           O
        1131       Pid 0       Pid 5       Pid 7           O           O           O           O           O
        1132       Pid 0       Pid 5       Pid 7           O           O           O           O           O
        1133       Pid 0       Pid 5       Pid 7           O           O           O           O           O
        1134       Pid 0       Pid 5       Pid 7           O           O           O           O           O
        1135       Pid 0       Pid 5       Pid 7           O           O           O           O           O
        1136       Pid 0       Pid 5           I           O           O           O           O           O
        1137       Pid 0       Pid 5           I           O           O           O           O           O
        1138       Pid 0       Pid 5           I           O           O           O           O           O
        1139       Pid 0       Pid 5           I           O           O           O           O           O
        1140       Pid 0       Pid 5           I           O           O           O           O           O
        1141       Pid 0       Pid 5           I           O           O           O           O           O
        1142       Pid 0       Pid 1           I           O           O           O           O           O
        1143       Pid 0       Pid 1           I           O           O           O           O           O
        1144       Pid 0       Pid 1           I           O           O           O           O           O
        1145       Pid 3       Pid 1           I           O           O           O           O           O
        1146       Pid 3       Pid 1           I           O           O           O           O           O
        1147       Pid 3       Pid 1           I           O           O           O           O           O
        1148       Pid 3       Pid 1           I           O           O           O           O           O
        1149       Pid 3       Pid 1           I           O           O           O           O           O
        1150       Pid 3       Pid 1           I           O           O           O           O           O
        1151       Pid 3       Pid 1           I           O           O           O           O           O
        1152       Pid 3       Pid 1           I           O           O           O           O           O
        1153       Pid 3       Pid 1           I           O           O           O           O           O
        1154       Pid 3       Pid 1           I           O           O           O           O           O
        1155       Pid 3       Pid 1           I           O           O           O           O           O
        1156       Pid 3       Pid 1           I           O           O           O           O           O
        1157       Pid 3       Pid 1           I           O           O           O           O           O
        1158       Pid 3       Pid 1           I           O           O           O           O           O
        1159       Pid 3       Pid 1           I           O           O           O           O           O
        1160       Pid 3       Pid 1           I           O           O           O           O           O
        1161       Pid 3       Pid 1           I           O           O           O           O           O
        1162       Pid 3       Pid 1           I           O           O           O           O           O
        1163       Pid 3       Pid 1           I           O           O           O           O           O
        1164       Pid 3       Pid 1           I           O           O           O           O           O
        1165       Pid 3       Pid 1           I           O           O           O           O           O
        1166       Pid 3       Pid 1           I           O           O           O           O           O
        1167       Pid 3       Pid 1           I           O           O           O           O           O
        1168       Pid 3       Pid 1           I           O           O           O           O           O
        1169       Pid 3       Pid 1           I           O           O           O           O           O
        1170       Pid 3       Pid 1           I           O           O           O           O           O
        1171       Pid 3       Pid 1           I           O           O           O           O           O
        1172       Pid 3       Pid 1           I           O           O           O           O           O
        1173       Pid 3           I           I           O           O           O           O           O
        1174       Pid 3           I           I           O           O           O           O           O
        1175       Pid 3           I           I           O           O           O           O           O
        1176       Pid 3           I           I           O           O           O           O           O
        1177           I           I           I           O           O           O           O           O
        1178           I           I           I           O           O           O           O           O
        1179           I           I           I           O           O           O           O           O
        1180           I           I           I           O           O           O           O           O
        1181           I           I           I           O           O           O           O           O
        1182           I           I           I           O           O           O           O           O
        1183           I       Pid 4           I           O           O           O           O           O
        1184       Pid 2       Pid 4           I           O           O           O           O           O
        1185       Pid 2       Pid 4           I           O           O           O           O           O
        1186       Pid 2       Pid 4           I           O           O           O           O           O
        1187       Pid 2       Pid 4           I           O           O           O           O           O
        1188       Pid 2       Pid 4           I           O           O           O           O           O
        1189       Pid 2       Pid 4           I           O           O           O           O           O
        1190       Pid 2       Pid 4           I           O           O           O           O           O
        1191       Pid 2       Pid 4           I           O           O           O           O           O
        1192       Pid 2       Pid 4           I           O           O           O           O           O
        1193       Pid 2       Pid 4           I           O           O           O           O           O
        1194       Pid 2       Pid 4           I           O           O           O           O           O
        1195       Pid 2       Pid 4           I           O           O           O           O           O
        1196       Pid 2       Pid 4           I           O           O           O           O           O
        1197       Pid 2       Pid 4           I           O           O           O           O           O
        1198       Pid 2       Pid 4           I           O           O           O           O           O
        1199       Pid 2       Pid 4       Pid 6           O           O           O           O           O
        1200       Pid 2       Pid 4       Pid 6           O           O           O           O           O
    Epoch 13      Core 0      Core 1      Core 2      Core 3      Core 4      Core 5      Core 6      Core 7
        1201       Pid 2       Pid 4       Pid 6           O           O           O           O           O
        1202       Pid 2       Pid 4       Pid 6           O           O           O           O           O
        1203       Pid 2       Pid 4       Pid 6           O           O           O           O           O
        1204       Pid 2       Pid 4       Pid 6           O           O           O           O           O
        1205       Pid 2       Pid 4       Pid 6           O           O           O           O           O
        1206       Pid 2       Pid 4       Pid 6           O           O           O           O           O
        1207       Pid 2       Pid 4       Pid 6           O           O           O           O           O
        1208       Pid 2       Pid 4       Pid 6           O           O           O           O           O
        1209       Pid 2       Pid 4       Pid 6           O           O           O           O           O
        1210       Pid 2       Pid 4       Pid 6           O           O           O           O           O
        1211       Pid 2       Pid 4       Pid 6           O           O           O           O           O
        1212       Pid 2       Pid 4       Pid 6           O           O           O           O           O
        1213       Pid 2       Pid 4       Pid 6           O           O           O           O           O
        1214       Pid 2           I       Pid 6           O           O           O           O           O
        1215           I           I       Pid 6           O           O           O           O           O
        1216           I           I       Pid 6           O           O           O           O           O
        1217           I           I       Pid 6           O           O           O           O           O
        1218           I           I       Pid 6           O           O           O           O           O
        1219           I           I       Pid 6           O           O           O           O           O
        1220           I           I       Pid 6           O           O           O           O           O
        1221           I           I       Pid 6           O           O           O           O           O
        1222           I           I       Pid 6           O           O           O           O           O
        1223           I           I       Pid 6           O           O           O           O           O
        1224           I           I       Pid 6           O           O           O           O           O
        1225           I           I       Pid 6           O           O           O           O           O
        1226           I           I       Pid 6           O           O           O           O           O
        1227           I           I       Pid 6           O           O           O           O           O
        1228           I           I       Pid 6           O           O           O           O           O
        1229           I           I       Pid 6           O           O           O           O           O
        1230           I           I       Pid 8           O           O           O           O           O
        1231           I           I       Pid 8           O           O           O           O           O
        1232           I           I       Pid 8           O           O           O           O           O
        1233           I           I       Pid 8           O           O           O           O           O
        1234           I           I       Pid 8           O           O           O           O           O
        1235           I           I       Pid 8           O           O           O           O           O
        1236           I           I       Pid 8           O           O           O           O           O
        1237           I           I       Pid 8           O           O           O           O           O
        1238           I           I       Pid 8           O           O           O           O           O
        1239           I           I       Pid 8           O           O           O           O           O
        1240           I           I       Pid 8           O           O           O           O           O
        1241           I           I       Pid 8           O           O           O           O           O
        1242           I           I       Pid 8           O           O           O           O           O
        1243           I           I       Pid 8           O           O           O           O           O
        1244           I           I       Pid 8           O           O           O           O           O
        1245           I           I       Pid 8           O           O           O           O           O
        1246           I           I       Pid 8           O           O           O           O           O
        1247       Pid 0           I       Pid 8           O           O           O           O           O
        1248       Pid 0           I       Pid 8           O           O           O           O           O
        1249       Pid 0           I       Pid 8           O           O           O           O           O
        1250       Pid 0           I       Pid 8           O           O           O           O           O
        1251       Pid 0           I       Pid 8           O           O           O           O           O
        1252       Pid 0           I       Pid 8           O           O           O           O           O
        1253       Pid 0           I       Pid 8           O           O           O           O           O
        1254       Pid 0           I       Pid 8           O           O           O           O           O
        1255       Pid 0           I       Pid 8           O           O           O           O           O
        1256       Pid 0           I       Pid 8           O           O           O           O           O
        1257       Pid 0           I       Pid 8           O           O           O           O           O
        1258       Pid 0           I       Pid 8           O           O           O           O           O
        1259       Pid 0           I       Pid 8           O           O           O           O           O
        1260       Pid 0           I       Pid 8           O           O           O           O           O
        1261       Pid 0           I       Pid 8           O           O           O           O           O
        1262       Pid 0           I       Pid 8           O           O           O           O           O
        1263       Pid 0           I       Pid 8           O           O           O           O           O
        1264       Pid 0           I       Pid 8           O           O           O           O           O
        1265       Pid 0           I       Pid 8           O           O           O           O           O
        1266       Pid 0       Pid 1       Pid 8           O           O           O           O           O
        1267       Pid 0       Pid 1       Pid 8           O           O           O           O           O
        1268       Pid 0       Pid 1       Pid 7           O           O           O           O           O
        1269       Pid 0       Pid 1       Pid 7           O           O           O           O           O
        1270       Pid 0       Pid 1       Pid 7           O           O           O           O           O
        1271       Pid 0       Pid 1       Pid 7           O           O           O           O           O
        1272       Pid 0       Pid 1       Pid 7           O           O           O           O           O
        1273       Pid 0       Pid 1       Pid 7           O           O           O           O           O
        1274       Pid 0       Pid 1       Pid 7           O           O           O           O           O
        1275       Pid 0       Pid 1       Pid 7           O           O           O           O           O
        1276       Pid 0       Pid 1       Pid 7           O           O           O           O           O
        1277       Pid 0       Pid 1       Pid 7           O           O           O           O           O
        1278       Pid 0       Pid 1       Pid 7           O           O           O           O           O
        1279       Pid 0       Pid 1       Pid 7           O           O           O           O           O
        1280       Pid 0       Pid 1       Pid 7           O           O           O           O           O
        1281       Pid 3       Pid 1       Pid 7           O           O           O           O           O
        1282       Pid 3       Pid 1       Pid 7           O           O           O           O           O
        1283       Pid 3       Pid 1       Pid 7           O           O           O           O           O
        1284       Pid 3       Pid 1       Pid 7           O           O           O           O           O
        1285       Pid 3       Pid 1       Pid 7           O           O           O           O           O
        1286       Pid 3       Pid 1       Pid 7           O           O           O           O           O
        1287       Pid 3       Pid 1       Pid 7           O           O           O           O           O
        1288       Pid 3       Pid 1       Pid 7           O           O           O           O           O
        1289       Pid 3       Pid 1       Pid 7           O           O           O           O           O
        1290       Pid 3       Pid 1       Pid 7           O           O           O           O           O
        1291       Pid 3       Pid 1       Pid 7           O           O           O           O           O
        1292       Pid 3       Pid 1       Pid 7           O           O           O           O           O
        1293       Pid 3       Pid 1       Pid 7           O           O           O           O           O
        1294       Pid 3       Pid 1       Pid 7           O           O           O           O           O
        1295       Pid 3       Pid 1       Pid 7           O           O           O           O           O
        1296       Pid 3       Pid 1       Pid 7           O           O           O           O           O
        1297       Pid 3       Pid 1       Pid 7           O           O           O           O           O
        1298       Pid 3       Pid 1       Pid 7           O           O           O           O           O
        1299       Pid 3       Pid 1       Pid 7           O           O           O           O           O
        1300       Pid 3       Pid 1       Pid 7           O           O           O           O           O
    Epoch 14      Core 0      Core 1      Core 2      Core 3      Core 4      Core 5      Core 6      Core 7
        1301       Pid 3       Pid 5       Pid 7           O           O           O           O           O
        1302       Pid 3       Pid 5       Pid 7           O           O           O           O           O
        1303       Pid 3       Pid 5       Pid 7           O           O           O           O           O
        1304       Pid 3       Pid 5       Pid 7           O           O           O           O           O
        1305       Pid 3       Pid 5       Pid 7           O           O           O           O           O
        1306       Pid 3       Pid 5       Pid 7           O           O           O           O           O
        1307       Pid 3       Pid 5       Pid 7           O           O           O           O           O
        1308       Pid 3       Pid 5           I           O           O           O           O           O
        1309       Pid 3       Pid 5           I           O           O           O           O           O
        1310       Pid 3       Pid 5           I           O           O           O           O           O
        1311       Pid 3       Pid 5           I           O           O           O           O           O
        1312       Pid 3       Pid 5           I           O           O           O           O           O
        1313           I       Pid 5           I           O           O           O           O           O
        1314           I       Pid 5           I           O           O           O           O           O
        1315           I       Pid 5           I           O           O           O           O           O
        1316           I       Pid 5           I           O           O           O           O           O
        1317       Pid 2       Pid 5           I           O           O           O           O           O
        1318       Pid 2       Pid 5           I           O           O           O           O           O
        1319       Pid 2       Pid 5           I           O           O           O           O           O
        1320       Pid 2       Pid 5           I           O           O           O           O           O
        1321       Pid 2       Pid 5           I           O           O           O           O           O
        1322       Pid 2       Pid 5       Pid 6           O           O           O           O           O
        1323       Pid 2       Pid 5       Pid 6           O           O           O           O           O
        1324       Pid 2       Pid 5       Pid 6           O           O           O           O           O
        1325       Pid 2       Pid 5       Pid 6           O           O           O           O           O
        1326       Pid 2       Pid 5       Pid 6           O           O           O           O           O
        1327       Pid 2       Pid 5       Pid 6           O           O           O           O           O
        1328       Pid 2       Pid 5       Pid 6           O           O           O           O           O
        1329       Pid 2       Pid 5       Pid 6           O           O           O           O           O
        1330       Pid 2       Pid 5       Pid 6           O           O           O           O           O
        1331       Pid 2       Pid 5       Pid 6           O           O           O           O           O
        1332       Pid 2       Pid 5       Pid 6           O           O           O           O           O
        1333       Pid 2       Pid 5       Pid 6           O           O           O           O           O
        1334       Pid 2       Pid 5       Pid 6           O           O           O           O           O
        1335       Pid 2       Pid 5       Pid 6           O           O           O           O           O
        1336       Pid 2       Pid 5       Pid 6           O           O           O           O           O
        1337       Pid 2       Pid 5       Pid 6           O           O           O           O           O
        1338       Pid 2       Pid 5       Pid 6           O           O           O           O           O
        1339       Pid 2       Pid 5       Pid 6           O           O           O           O           O
        1340       Pid 2       Pid 4       Pid 6           O           O           O           O           O
        1341       Pid 2       Pid 4       Pid 6           O           O           O           O           O
        1342       Pid 2       Pid 4       Pid 6           O           O           O           O           O
        1343       Pid 2       Pid 4       Pid 6           O           O           O           O           O
        1344       Pid 2       Pid 4       Pid 6           O           O           O           O           O
        1345       Pid 2       Pid 4       Pid 6           O           O           O           O           O
        1346       Pid 2       Pid 4       Pid 6           O           O           O           O           O
        1347       Pid 2       Pid 4       Pid 6           O           O           O           O           O
        1348       Pid 2       Pid 4       Pid 6           O           O           O           O           O
        1349       Pid 2       Pid 4       Pid 6           O           O           O           O           O
        1350       Pid 2       Pid 4       Pid 6           O           O           O           O           O
        1351           I       Pid 4       Pid 6           O           O           O           O           O
        1352           I       Pid 4       Pid 6           O           O           O           O           O
        1353           I       Pid 4           I           O           O           O           O           O
        1354           I       Pid 4           I           O           O           O           O           O
        1355           I       Pid 4           I           O           O           O           O           O
        1356           I       Pid 4           I           O           O           O           O           O
        1357           I       Pid 4           I           O           O           O           O           O
        1358           I       Pid 4           I           O           O           O           O           O
        1359           I       Pid 4           I           O           O           O           O           O
        1360           I       Pid 4           I           O           O           O           O           O
        1361           I       Pid 4           I           O           O           O           O           O
        1362           I       Pid 4           I           O           O           O           O           O
        1363           I       Pid 4           I           O           O           O           O           O
        1364           I       Pid 4           I           O           O           O           O           O
        1365           I       Pid 4           I           O           O           O           O           O
        1366           I       Pid 4           I           O           O           O           O           O
        1367           I       Pid 4           I           O           O           O           O           O
        1368           I       Pid 4           I           O           O           O           O           O
        1369           I       Pid 4           I           O           O           O           O           O
        1370           I       Pid 4           I           O           O           O           O           O
        1371           I       Pid 4           I           O           O           O           O           O
        1372           I       Pid 4           I           O           O           O           O           O
        1373           I       Pid 4           I           O           O           O           O           O
        1374           I       Pid 9           I           O           O           O           O           O
        1375           I       Pid 9           I           O           O           O           O           O
        1376           I       Pid 9           I           O           O           O           O           O
        1377           I       Pid 9           I           O           O           O           O           O
        1378           I       Pid 9           I           O           O           O           O           O
        1379           I       Pid 9           I           O           O           O           O           O
        1380           I       Pid 9           I           O           O           O           O           O
        1381           I       Pid 9           I           O           O           O           O           O
        1382           I       Pid 9           I           O           O           O           O           O
        1383           I       Pid 9       Pid 8           O           O           O           O           O
        1384           I       Pid 9       Pid 8           O           O           O           O           O
        1385           I       Pid 9       Pid 8           O           O           O           O           O
        1386           I       Pid 9       Pid 8           O           O           O           O           O
        1387           I       Pid 9       Pid 8           O           O           O           O           O
        1388           I       Pid 9       Pid 8           O           O           O           O           O
        1389           I       Pid 9       Pid 8           O           O           O           O           O
        1390           I       Pid 9       Pid 8           O           O           O           O           O
        1391           I       Pid 9       Pid 8           O           O           O           O           O
        1392           I       Pid 9       Pid 8           O           O           O           O           O
        1393           I       Pid 9       Pid 8           O           O           O           O           O
        1394           I       Pid 9       Pid 8           O           O           O           O           O
        1395           I       Pid 9       Pid 8           O           O           O           O           O
        1396           I       Pid 9       Pid 8           O           O           O           O           O
        1397           I       Pid 9       Pid 8           O           O           O           O           O
        1398           I       Pid 9       Pid 8           O           O           O           O           O
        1399           I       Pid 9       Pid 8           O           O           O           O           O
        1400           I       Pid 9       Pid 8           O           O           O           O           O
    Epoch 15      Core 0      Core 1      Core 2      Core 3      Core 4      Core 5      Core 6      Core 7
        1401           I       Pid 9       Pid 8           O           O           O           O           O
        1402       Pid 0       Pid 9       Pid 8           O           O           O           O           O
        1403       Pid 0       Pid 9       Pid 8           O           O           O           O           O
        1404       Pid 0       Pid 9       Pid 8           O           O           O           O           O
        1405       Pid 0       Pid 9       Pid 8           O           O           O           O           O
        1406       Pid 0       Pid 9       Pid 8           O           O           O           O           O
        1407       Pid 0       Pid 9       Pid 8           O           O           O           O           O
        1408       Pid 0       Pid 9       Pid 8           O           O           O           O           O
        1409       Pid 0           I       Pid 8           O           O           O           O           O
        1410       Pid 0           I       Pid 8           O           O           O           O           O
        1411       Pid 0           I       Pid 8           O           O           O           O           O
        1412       Pid 0           I       Pid 8           O           O           O           O           O
        1413       Pid 0           I       Pid 8           O           O           O           O           O
        1414       Pid 0           I       Pid 8           O           O           O           O           O
        1415       Pid 0           I       Pid 8           O           O           O           O           O
        1416       Pid 0           I       Pid 8           O           O           O           O           O
        1417       Pid 0           I           I           O           O           O           O           O
        1418       Pid 0           I           I           O           O           O           O           O
        1419       Pid 0           I           I           O           O           O           O           O
        1420       Pid 0           I           I           O           O           O           O           O
        1421       Pid 0           I           I           O           O           O           O           O
        1422       Pid 0           I           I           O           O           O           O           O
        1423       Pid 0           I           I           O           O           O           O           O
        1424       Pid 0           I           I           O           O           O           O           O
        1425       Pid 0           I           I           O           O           O           O           O
        1426       Pid 0           I           I           O           O           O           O           O
        1427       Pid 0           I           I           O           O           O           O           O
        1428       Pid 0           I           I           O           O           O           O           O
        1429       Pid 0           I           I           O           O           O           O           O
        1430       Pid 0           I           I           O           O           O           O           O
        1431       Pid 0           I           I           O           O           O           O           O
        1432       Pid 0           I           I           O           O           O           O           O
        1433           I           I           I           O           O           O           O           O
        1434           I           I       Pid 7           O           O           O           O           O
        1435           I           I       Pid 7           O           O           O           O           O
        1436           I           I       Pid 7           O           O           O           O           O
        1437           I           I       Pid 7           O           O           O           O           O
        1438           I           I       Pid 7           O           O           O           O           O
        1439       Pid 3           I       Pid 7           O           O           O           O           O
        1440       Pid 3           I       Pid 7           O           O           O           O           O
        1441       Pid 3           I       Pid 7           O           O           O           O           O
        1442       Pid 3           I       Pid 7           O           O           O           O           O
        1443       Pid 3           I       Pid 7           O           O           O           O           O
        1444       Pid 3           I       Pid 7           O           O           O           O           O
        1445       Pid 3           I       Pid 7           O           O           O           O           O
        1446       Pid 3           I       Pid 7           O           O           O           O           O
        1447       Pid 3           I       Pid 7           O           O           O           O           O
        1448       Pid 3           I       Pid 7           O           O           O           O           O
        1449       Pid 3           I       Pid 7           O           O           O           O           O
        1450       Pid 3           I       Pid 7           O           O           O           O           O
        1451       Pid 3           I       Pid 7           O           O           O           O           O
        1452       Pid 3           I       Pid 7           O           O           O           O           O
        1453       Pid 3           I       Pid 7           O           O           O           O           O
        1454       Pid 3           I       Pid 7           O           O           O           O           O
        1455       Pid 3           I       Pid 7           O           O           O           O           O
        1456       Pid 3           I       Pid 7           O           O           O           O           O
        1457       Pid 3           I       Pid 7           O           O           O           O           O
        1458       Pid 3           I       Pid 7           O           O           O           O           O
        1459       Pid 3           I       Pid 7           O           O           O           O           O
        1460       Pid 3           I       Pid 7           O           O           O           O           O
        1461       Pid 3           I       Pid 7           O           O           O           O           O
        1462       Pid 3           I       Pid 7           O           O           O           O           O
        1463       Pid 3           I       Pid 7           O           O           O           O           O
        1464       Pid 3           I       Pid 7           O           O           O           O           O
        1465       Pid 3           I       Pid 7           O           O           O           O           O
        1466       Pid 3           I       Pid 7           O           O           O           O           O
        1467       Pid 3           I       Pid 7           O           O           O           O           O
        1468       Pid 3           I       Pid 7           O           O           O           O           O
        1469       Pid 3       Pid 5       Pid 7           O           O           O           O           O
        1470       Pid 3       Pid 5       Pid 7           O           O           O           O           O
        1471       Pid 3       Pid 5       Pid 7           O           O           O           O           O
        1472       Pid 2       Pid 5       Pid 7           O           O           O           O           O
        1473       Pid 2       Pid 5       Pid 6           O           O           O           O           O
        1474       Pid 2       Pid 5       Pid 6           O           O           O           O           O
        1475       Pid 2       Pid 5       Pid 6           O           O           O           O           O
        1476       Pid 2       Pid 5       Pid 6           O           O           O           O           O
        1477       Pid 2       Pid 5       Pid 6           O           O           O           O           O
        1478       Pid 2       Pid 5       Pid 6           O           O           O           O           O
        1479       Pid 2       Pid 5       Pid 6           O           O           O           O           O
        1480       Pid 2       Pid 5       Pid 6           O           O           O           O           O
        1481       Pid 2       Pid 5       Pid 6           O           O           O           O           O
        1482       Pid 2       Pid 5       Pid 6           O           O           O           O           O
        1483       Pid 2       Pid 5       Pid 6           O           O           O           O           O
        1484       Pid 2       Pid 5       Pid 6           O           O           O           O           O
        1485       Pid 2       Pid 5       Pid 6           O           O           O           O           O
        1486       Pid 2       Pid 5       Pid 6           O           O           O           O           O
        1487       Pid 2       Pid 5       Pid 6           O           O           O           O           O
        1488       Pid 2       Pid 5       Pid 6           O           O           O           O           O
        1489       Pid 2       Pid 5       Pid 6           O           O           O           O           O
        1490       Pid 2       Pid 5       Pid 6           O           O           O           O           O
        1491       Pid 2       Pid 5       Pid 6           O           O           O           O           O
        1492       Pid 2       Pid 5       Pid 6           O           O           O           O           O
        1493       Pid 2       Pid 5       Pid 6           O           O           O           O           O
        1494       Pid 2       Pid 5       Pid 6           O           O           O           O           O
        1495       Pid 2       Pid 5       Pid 6           O           O           O           O           O
        1496       Pid 2       Pid 5       Pid 6           O           O           O           O           O
        1497       Pid 2       Pid 5       Pid 6           O           O           O           O           O
        1498       Pid 2       Pid 5       Pid 6           O           O           O           O           O
        1499       Pid 2       Pid 5       Pid 6           O           O           O           O           O
        1500       Pid 2       Pid 5       Pid 6           O           O           O           O           O
    Epoch 16      Core 0      Core 1      Core 2      Core 3      Core 4      Core 5      Core 6      Core 7
        1501       Pid 2       Pid 4       Pid 6           O           O           O           O           O
        1502       Pid 2       Pid 4       Pid 6           O           O           O           O           O
        1503       Pid 2       Pid 4       Pid 6           O           O           O           O           O
        1504       Pid 2       Pid 4       Pid 6           O           O           O           O           O
        1505       Pid 2       Pid 4       Pid 6           O           O           O           O           O
        1506       Pid 2       Pid 4       Pid 6           O           O           O           O           O
        1507           I       Pid 4       Pid 6           O           O           O           O           O
        1508           I       Pid 4           I           O           O           O           O           O
        1509           I       Pid 4           I           O           O           O           O           O
        1510           I       Pid 4           I           O           O           O           O           O
        1511           I       Pid 4           I           O           O           O           O           O
        1512           I       Pid 4           I           O           O           O           O           O
        1513           I       Pid 4           I           O           O           O           O           O
        1514           I       Pid 4           I           O           O           O           O           O
        1515           I       Pid 4           I           O           O           O           O           O
        1516           I       Pid 4           I           O           O           O           O           O
        1517           I       Pid 4           I           O           O           O           O           O
        1518           I       Pid 4           I           O           O           O           O           O
        1519           I       Pid 4           I           O           O           O           O           O
        1520           I       Pid 4           I           O           O           O           O           O
        1521           I       Pid 4           I           O           O           O           O           O
        1522           I       Pid 4           I           O           O           O           O           O
        1523           I       Pid 4           I           O           O           O           O           O
        1524           I       Pid 4           I           O           O           O           O           O
        1525           I       Pid 4           I           O           O           O           O           O
        1526           I       Pid 4           I           O           O           O           O           O
        1527           I       Pid 4           I           O           O           O           O           O
        1528           I       Pid 4           I           O           O           O           O           O
        1529           I       Pid 4           I           O           O           O           O           O
        1530           I       Pid 4           I           O           O           O           O           O
        1531           I       Pid 4           I           O           O           O           O           O
        1532           I       Pid 9       Pid 8           O           O           O           O           O
        1533           I       Pid 9       Pid 8           O           O           O           O           O
        1534           I       Pid 9       Pid 8           O           O           O           O           O
        1535           I       Pid 9       Pid 8           O           O           O           O           O
        1536           I       Pid 9       Pid 8           O           O           O           O           O
        1537           I       Pid 9       Pid 8           O           O           O           O           O
        1538           I       Pid 9       Pid 8           O           O           O           O           O
        1539           I       Pid 9       Pid 8           O           O           O           O           O
        1540           I       Pid 9       Pid 8           O           O           O           O           O
        1541           I       Pid 9       Pid 8           O           O           O           O           O
        1542           I       Pid 9       Pid 8           O           O           O           O           O
        1543           I       Pid 9       Pid 8           O           O           O           O           O
        1544           I       Pid 9       Pid 8           O           O           O           O           O
        1545           I       Pid 9       Pid 8           O           O           O           O           O
        1546           I       Pid 9       Pid 8           O           O           O           O           O
        1547           I       Pid 9       Pid 8           O           O           O           O           O
        1548           I       Pid 9       Pid 8           O           O           O           O           O
        1549           I       Pid 9       Pid 8           O           O           O           O           O
        1550           I       Pid 9       Pid 8           O           O           O           O           O
        1551           I       Pid 9       Pid 8           O           O           O           O           O
        1552           I       Pid 9       Pid 8           O           O           O           O           O
        1553           I       Pid 9       Pid 8           O           O           O           O           O
        1554           I       Pid 9       Pid 8           O           O           O           O           O
        1555           I       Pid 9       Pid 8           O           O           O           O           O
        1556           I       Pid 9       Pid 8           O           O           O           O           O
        1557           I       Pid 9       Pid 8           O           O           O           O           O
        1558           I       Pid 9       Pid 8           O           O           O           O           O
        1559           I       Pid 9       Pid 8           O           O           O           O           O
        1560           I       Pid 9       Pid 8           O           O           O           O           O
        1561           I       Pid 9       Pid 8           O           O           O           O           O
        1562           I       Pid 9       Pid 8           O           O           O           O           O
        1563           I       Pid 9       Pid 8           O           O           O           O           O
        1564           I       Pid 9       Pid 8           O           O           O           O           O
        1565           I       Pid 9       Pid 8           O           O           O           O           O
        1566           I       Pid 9       Pid 8           O           O           O           O           O
        1567           I       Pid 9       Pid 8           O           O           O           O           O
        1568           I       Pid 9       Pid 8           O           O           O           O           O
        1569           I      Pid 10           I           O           O           O           O           O
        1570           I      Pid 10           I           O           O           O           O           O
        1571           I      Pid 10           I           O           O           O           O           O
        1572           I      Pid 10           I           O           O           O           O           O
        1573           I      Pid 10           I           O           O           O           O           O
        1574       Pid 3      Pid 10           I           O           O           O           O           O
        1575       Pid 3      Pid 10           I           O           O           O           O           O
        1576       Pid 3      Pid 10           I           O           O           O           O           O
        1577       Pid 3      Pid 10           I           O           O           O           O           O
        1578       Pid 3      Pid 10           I           O           O           O           O           O
        1579       Pid 3      Pid 10           I           O           O           O           O           O
        1580       Pid 3      Pid 10           I           O           O           O           O           O
        1581       Pid 3      Pid 10           I           O           O           O           O           O
        1582       Pid 3      Pid 10           I           O           O           O           O           O
        1583       Pid 3      Pid 10           I           O           O           O           O           O
        1584       Pid 3      Pid 10           I           O           O           O           O           O
        1585       Pid 3      Pid 10           I           O           O           O           O           O
        1586       Pid 3      Pid 10           I           O           O           O           O           O
        1587       Pid 3      Pid 10           I           O           O           O           O           O
        1588       Pid 3      Pid 10           I           O           O           O           O           O
        1589       Pid 3      Pid 10           I           O           O           O           O           O
        1590       Pid 3      Pid 10           I           O           O           O           O           O
        1591       Pid 3      Pid 10           I           O           O           O           O           O
        1592       Pid 3      Pid 10           I           O           O           O           O           O
        1593       Pid 3      Pid 10           I           O           O           O           O           O
        1594       Pid 3      Pid 10           I           O           O           O           O           O
        1595       Pid 3      Pid 10           I           O           O           O           O           O
        1596       Pid 3      Pid 10           I           O           O           O           O           O
        1597       Pid 3      Pid 10           I           O           O           O           O           O
        1598       Pid 3      Pid 10           I           O           O           O           O           O
        1599       Pid 3      Pid 10           I           O           O           O           O           O
        1600       Pid 3      Pid 10           I           O           O           O           O           O
    Epoch 17      Core 0      Core 1      Core 2      Core 3      Core 4      Core 5      Core 6      Core 7
        1601       Pid 3      Pid 10           I           O           O           O           O           O
        1602       Pid 3      Pid 10           I           O           O           O           O           O
        1603       Pid 3      Pid 10       Pid 7           O           O           O           O           O
        1604       Pid 3      Pid 10       Pid 7           O           O           O           O           O
        1605       Pid 3      Pid 10       Pid 7           O           O           O           O           O
        1606       Pid 3      Pid 11       Pid 7           O           O           O           O           O
        1607       Pid 3      Pid 11       Pid 7           O           O           O           O           O
        1608       Pid 3      Pid 11       Pid 7           O           O           O           O           O
        1609       Pid 3      Pid 11       Pid 7           O           O           O           O           O
        1610       Pid 3      Pid 11       Pid 7           O           O           O           O           O
        1611       Pid 2      Pid 11       Pid 7           O           O           O           O           O
        1612       Pid 2      Pid 11       Pid 7           O           O           O           O           O
        1613       Pid 2      Pid 11       Pid 7           O           O           O           O           O
        1614       Pid 2      Pid 11       Pid 7           O           O           O           O           O
        1615       Pid 2      Pid 11       Pid 7           O           O           O           O           O
        1616       Pid 2      Pid 11       Pid 7           O           O           O           O           O
        1617       Pid 2      Pid 11       Pid 7           O           O           O           O           O
        1618       Pid 2      Pid 11       Pid 7           O           O           O           O           O
        1619       Pid 2      Pid 11       Pid 7           O           O           O           O           O
        1620       Pid 2      Pid 11       Pid 7           O           O           O           O           O
        1621       Pid 2      Pid 11       Pid 7           O           O           O           O           O
        1622       Pid 2      Pid 11       Pid 7           O           O           O           O           O
        1623       Pid 2      Pid 11       Pid 7           O           O           O           O           O
        1624       Pid 2      Pid 11       Pid 7           O           O           O           O           O
        1625       Pid 2      Pid 11       Pid 7           O           O           O           O           O
        1626       Pid 2      Pid 11       Pid 7           O           O           O           O           O
        1627       Pid 2      Pid 11       Pid 7           O           O           O           O           O
        1628       Pid 2      Pid 11       Pid 7           O           O           O           O           O
        1629       Pid 2      Pid 11       Pid 7           O           O           O           O           O
        1630       Pid 2      Pid 11       Pid 7           O           O           O           O           O
        1631       Pid 2      Pid 11       Pid 7           O           O           O           O           O
        1632       Pid 2      Pid 11       Pid 7           O           O           O           O           O
        1633       Pid 2      Pid 11       Pid 7           O           O           O           O           O
        1634       Pid 2      Pid 11       Pid 7           O           O           O           O           O
        1635       Pid 2      Pid 11           I           O           O           O           O           O
        1636       Pid 2      Pid 11       Pid 6           O           O           O           O           O
        1637       Pid 2      Pid 11       Pid 6           O           O           O           O           O
        1638       Pid 2      Pid 11       Pid 6           O           O           O           O           O
        1639       Pid 2      Pid 11       Pid 6           O           O           O           O           O
        1640       Pid 2      Pid 11       Pid 6           O           O           O           O           O
        1641       Pid 2      Pid 11       Pid 6           O           O           O           O           O
        1642       Pid 2           I       Pid 6           O           O           O           O           O
        1643       Pid 2       Pid 4       Pid 6           O           O           O           O           O
        1644       Pid 2       Pid 4       Pid 6           O           O           O           O           O
        1645       Pid 2       Pid 4       Pid 6           O           O           O           O           O
        1646       Pid 2       Pid 4       Pid 6           O           O           O           O           O
        1647       Pid 2       Pid 4       Pid 6           O           O           O           O           O
        1648       Pid 2       Pid 4       Pid 6           O           O           O           O           O
        1649       Pid 2       Pid 4       Pid 6           O           O           O           O           O
        1650       Pid 5       Pid 4       Pid 6           O           O           O           O           O
        1651       Pid 5       Pid 4       Pid 6           O           O           O           O           O
        1652       Pid 5       Pid 4       Pid 6           O           O           O           O           O
        1653       Pid 5       Pid 4       Pid 6           O           O           O           O           O
        1654       Pid 5       Pid 4       Pid 6           O           O           O           O           O
        1655       Pid 5       Pid 4       Pid 6           O           O           O           O           O
        1656       Pid 5       Pid 4       Pid 6           O           O           O           O           O
        1657       Pid 5       Pid 4       Pid 6           O           O           O           O           O
        1658       Pid 5       Pid 4       Pid 6           O           O           O           O           O
        1659       Pid 5       Pid 4       Pid 6           O           O           O           O           O
        1660       Pid 5       Pid 4       Pid 6           O           O           O           O           O
        1661       Pid 5       Pid 4       Pid 6           O           O           O           O           O
        1662       Pid 5       Pid 4       Pid 6           O           O           O           O           O
        1663       Pid 5       Pid 4       Pid 6           O           O           O           O           O
        1664       Pid 5       Pid 4       Pid 6           O           O           O           O           O
        1665       Pid 5       Pid 4       Pid 6           O           O           O           O           O
        1666       Pid 5       Pid 4       Pid 6           O           O           O           O           O
        1667       Pid 5       Pid 4       Pid 6           O           O           O           O           O
        1668       Pid 5       Pid 4       Pid 6           O           O           O           O           O
        1669       Pid 5       Pid 4       Pid 6           O           O           O           O           O
        1670       Pid 5       Pid 4       Pid 6           O           O           O           O           O
        1671       Pid 5       Pid 4       Pid 6           O           O           O           O           O
        1672       Pid 5       Pid 4       Pid 6           O           O           O           O           O
        1673       Pid 5       Pid 4       Pid 8           O           O           O           O           O
        1674       Pid 5       Pid 4       Pid 8           O           O           O           O           O
        1675       Pid 5       Pid 9       Pid 8           O           O           O           O           O
        1676       Pid 5       Pid 9       Pid 8           O           O           O           O           O
        1677       Pid 5       Pid 9       Pid 8           O           O           O           O           O
        1678       Pid 5       Pid 9       Pid 8           O           O           O           O           O
        1679       Pid 5       Pid 9       Pid 8           O           O           O           O           O
        1680       Pid 5       Pid 9       Pid 8           O           O           O           O           O
        1681       Pid 5       Pid 9       Pid 8           O           O           O           O           O
        1682       Pid 5       Pid 9       Pid 8           O           O           O           O           O
        1683       Pid 5       Pid 9       Pid 8           O           O           O           O           O
        1684       Pid 5       Pid 9       Pid 8           O           O           O           O           O
        1685       Pid 5       Pid 9       Pid 8           O           O           O           O           O
        1686       Pid 5       Pid 9       Pid 8           O           O           O           O           O
        1687       Pid 5       Pid 9       Pid 8           O           O           O           O           O
        1688           I       Pid 9       Pid 8           O           O           O           O           O
        1689           I       Pid 9       Pid 8           O           O           O           O           O
        1690           I       Pid 9       Pid 8           O           O           O           O           O
        1691           I       Pid 9       Pid 8           O           O           O           O           O
        1692           I       Pid 9       Pid 8           O           O           O           O           O
        1693           I       Pid 9       Pid 8           O           O           O           O           O
        1694           I       Pid 9       Pid 8           O           O           O           O           O
        1695           I       Pid 9       Pid 8           O           O           O           O           O
        1696           I       Pid 9       Pid 8           O           O           O           O           O
        1697           I       Pid 9       Pid 8           O           O           O           O           O
        1698           I       Pid 9       Pid 8           O           O           O           O           O
        1699           I       Pid 9       Pid 8           O           O           O           O           O
        1700           I       Pid 9       Pid 8           O           O           O           O           O
    Epoch 18      Core 0      Core 1      Core 2      Core 3      Core 4      Core 5      Core 6      Core 7
        1701           I       Pid 9       Pid 8           I           O           O           O           O
        1702           I       Pid 9       Pid 8           I           O           O           O           O
        1703           I       Pid 9       Pid 8           I           O           O           O           O
        1704           I       Pid 9       Pid 8           I           O           O           O           O
        1705           I           I       Pid 8           I           O           O           O           O
        1706           I           I           I           I           O           O           O           O
        1707           I           I           I           I           O           O           O           O
        1708           I           I           I           I           O           O           O           O
        1709           I           I           I           I           O           O           O           O
        1710           I           I           I           I           O           O           O           O
        1711           I           I           I           I           O           O           O           O
        1712           I           I           I           I           O           O           O           O
        1713           I           I           I           I           O           O           O           O
        1714           I           I           I           I           O           O           O           O
        1715           I           I           I           I           O           O           O           O
        1716           I           I           I           I           O           O           O           O
        1717           I           I           I           I           O           O           O           O
        1718           I           I           I           I           O           O           O           O
        1719       Pid 3           I           I           I           O           O           O           O
        1720       Pid 3           I           I           I           O           O           O           O
        1721       Pid 3           I           I           I           O           O           O           O
        1722       Pid 3           I           I           I           O           O           O           O
        1723       Pid 3           I           I           I           O           O           O           O
        1724       Pid 3           I           I           I           O           O           O           O
        1725       Pid 3           I           I           I           O           O           O           O
        1726       Pid 3           I           I           I           O           O           O           O
        1727       Pid 3      Pid 10           I           I           O           O           O           O
        1728       Pid 3      Pid 10           I           I           O           O           O           O
        1729       Pid 3      Pid 10           I           I           O           O           O           O
        1730       Pid 3      Pid 10           I           I           O           O           O           O
        1731       Pid 3      Pid 10           I           I           O           O           O           O
        1732       Pid 3      Pid 10           I           I           O           O           O           O
        1733       Pid 3      Pid 10           I           I           O           O           O           O
        1734       Pid 3      Pid 10           I           I           O           O           O           O
        1735       Pid 3      Pid 10           I           I           O           O           O           O
        1736       Pid 3      Pid 10       Pid 7           I           O           O           O           O
        1737       Pid 3      Pid 10       Pid 7           I           O           O           O           O
        1738       Pid 3      Pid 10       Pid 7           I           O           O           O           O
        1739       Pid 3      Pid 10       Pid 7           I           O           O           O           O
        1740       Pid 3      Pid 10       Pid 7           I           O           O           O           O
        1741       Pid 3      Pid 10       Pid 7           I           O           O           O           O
        1742       Pid 3      Pid 10       Pid 7           I           O           O           O           O
        1743       Pid 3      Pid 10       Pid 7           I           O           O           O           O
        1744       Pid 3      Pid 10       Pid 7           I           O           O           O           O
        1745       Pid 3      Pid 10       Pid 7           I           O           O           O           O
        1746       Pid 3      Pid 10       Pid 7           I           O           O           O           O
        1747       Pid 3      Pid 10       Pid 7           I           O           O           O           O
        1748       Pid 3      Pid 10       Pid 7           I           O           O           O           O
        1749       Pid 3      Pid 10       Pid 7           I           O           O           O           O
        1750       Pid 3      Pid 10       Pid 7           I           O           O           O           O
        1751       Pid 3      Pid 10       Pid 7           I           O           O           O           O
        1752           I      Pid 10       Pid 7           I           O           O           O           O
        1753           I      Pid 10       Pid 7           I           O           O           O           O
        1754           I      Pid 10       Pid 7           I           O           O           O           O
        1755           I      Pid 10       Pid 7           I           O           O           O           O
        1756           I      Pid 10       Pid 7           I           O           O           O           O
        1757           I      Pid 10       Pid 7           I           O           O           O           O
        1758           I      Pid 11       Pid 7           I           O           O           O           O
        1759           I      Pid 11       Pid 7           I           O           O           O           O
        1760           I      Pid 11       Pid 7           I           O           O           O           O
        1761           I      Pid 11       Pid 7           I           O           O           O           O
        1762           I      Pid 11       Pid 7           I           O           O           O           O
        1763           I      Pid 11       Pid 7           I           O           O           O           O
        1764           I      Pid 11       Pid 7           I           O           O           O           O
        1765           I      Pid 11       Pid 7           I           O           O           O           O
        1766           I      Pid 11       Pid 7           I           O           O           O           O
        1767           I      Pid 11       Pid 7           I           O           O           O           O
        1768           I      Pid 11       Pid 7           I           O           O           O           O
        1769           I      Pid 11       Pid 7           I           O           O           O           O
        1770           I      Pid 11       Pid 7           I           O           O           O           O
        1771           I      Pid 11       Pid 7           I           O           O           O           O
        1772           I      Pid 11       Pid 7           I           O           O           O           O
        1773           I      Pid 11           I           I           O           O           O           O
        1774           I      Pid 11       Pid 6           I           O           O           O           O
        1775           I      Pid 11       Pid 6           I           O           O           O           O
        1776           I      Pid 11       Pid 6           I           O           O           O           O
        1777           I      Pid 11       Pid 6           I           O           O           O           O
        1778           I      Pid 11       Pid 6           I           O           O           O           O
        1779           I      Pid 11       Pid 6           I           O           O           O           O
        1780           I      Pid 11       Pid 6           I           O           O           O           O
        1781           I      Pid 11       Pid 6           I           O           O           O           O
        1782           I      Pid 11       Pid 6           I           O           O           O           O
        1783           I      Pid 11       Pid 6           I           O           O           O           O
        1784           I      Pid 11       Pid 6           I           O           O           O           O
        1785           I      Pid 11       Pid 6           I           O           O           O           O
        1786           I      Pid 11       Pid 6           I           O           O           O           O
        1787           I      Pid 11       Pid 6           I           O           O           O           O
        1788           I      Pid 11       Pid 6           I           O           O           O           O
        1789           I      Pid 11       Pid 6           I           O           O           O           O
        1790           I      Pid 11       Pid 6           I           O           O           O           O
        1791           I      Pid 11       Pid 6           I           O           O           O           O
        1792           I      Pid 11       Pid 6           I           O           O           O           O
        1793           I      Pid 11       Pid 6           I           O           O           O           O
        1794           I      Pid 11       Pid 6           I           O           O           O           O
        1795       Pid 5       Pid 4       Pid 6           I           O           O           O           O
        1796       Pid 5       Pid 4       Pid 6           I           O           O           O           O
        1797       Pid 5       Pid 4       Pid 6           I           O           O           O           O
        1798       Pid 5       Pid 4       Pid 6           I           O           O           O           O
        1799       Pid 5       Pid 4       Pid 6           I           O           O           O           O
        1800       Pid 5       Pid 4       Pid 6           I           O           O           O           O
    Epoch 19      Core 0      Core 1      Core 2      Core 3      Core 4      Core 5      Core 6      Core 7
        1801       Pid 5       Pid 4       Pid 6           I           O           O           O           O
        1802       Pid 5       Pid 4       Pid 6      Pid 12           O           O           O           O
        1803       Pid 5       Pid 4       Pid 6      Pid 12           O           O           O           O
        1804       Pid 5       Pid 4       Pid 6      Pid 12           O           O           O           O
        1805       Pid 5       Pid 4       Pid 6      Pid 12           O           O           O           O
        1806       Pid 5       Pid 4       Pid 6      Pid 12           O           O           O           O
        1807       Pid 5       Pid 4       Pid 6      Pid 12           O           O           O           O
        1808       Pid 5       Pid 4       Pid 6      Pid 12           O           O           O           O
        1809       Pid 5       Pid 4       Pid 6      Pid 12           O           O           O           O
        1810       Pid 5       Pid 4       Pid 8      Pid 12           O           O           O           O
        1811       Pid 5       Pid 4       Pid 8      Pid 12           O           O           O           O
        1812       Pid 5       Pid 4       Pid 8      Pid 12           O           O           O           O
        1813       Pid 5       Pid 4       Pid 8      Pid 12           O           O           O           O
        1814       Pid 5       Pid 4       Pid 8      Pid 12           O           O           O           O
        1815       Pid 5       Pid 4       Pid 8      Pid 12           O           O           O           O
        1816       Pid 5       Pid 4       Pid 8      Pid 12           O           O           O           O
        1817       Pid 5       Pid 4       Pid 8      Pid 12           O           O           O           O
        1818       Pid 5       Pid 4       Pid 8      Pid 12           O           O           O           O
        1819       Pid 5       Pid 4       Pid 8      Pid 12           O           O           O           O
        1820       Pid 5       Pid 4       Pid 8      Pid 12           O           O           O           O
        1821       Pid 5       Pid 4       Pid 8      Pid 12           O           O           O           O
        1822       Pid 5       Pid 4       Pid 8      Pid 12           O           O           O           O
        1823       Pid 5       Pid 4       Pid 8      Pid 12           O           O           O           O
        1824       Pid 5       Pid 4       Pid 8      Pid 12           O           O           O           O
        1825           I       Pid 4       Pid 8      Pid 12           O           O           O           O
        1826           I       Pid 4       Pid 8      Pid 12           O           O           O           O
        1827           I       Pid 4       Pid 8      Pid 12           O           O           O           O
        1828           I       Pid 9       Pid 8      Pid 12           O           O           O           O
        1829           I       Pid 9       Pid 8      Pid 12           O           O           O           O
        1830           I       Pid 9       Pid 8      Pid 12           O           O           O           O
        1831           I       Pid 9       Pid 8      Pid 12           O           O           O           O
        1832           I       Pid 9       Pid 8      Pid 12           O           O           O           O
        1833           I       Pid 9       Pid 8      Pid 12           O           O           O           O
        1834           I       Pid 9       Pid 8      Pid 12           O           O           O           O
        1835           I       Pid 9       Pid 8      Pid 12           O           O           O           O
        1836           I       Pid 9       Pid 8      Pid 12           O           O           O           O
        1837           I       Pid 9       Pid 8      Pid 12           O           O           O           O
        1838           I       Pid 9       Pid 8      Pid 12           O           O           O           O
        1839           I       Pid 9       Pid 8      Pid 13           O           O           O           O
        1840           I       Pid 9       Pid 8      Pid 13           O           O           O           O
        1841           I       Pid 9       Pid 8      Pid 13           O           O           O           O
        1842           I       Pid 9           I      Pid 13           O           O           O           O
        1843           I       Pid 9           I      Pid 13           O           O           O           O
        1844           I       Pid 9           I      Pid 13           O           O           O           O
        1845           I       Pid 9           I      Pid 13           O           O           O           O
        1846           I       Pid 9           I      Pid 13           O           O           O           O
        1847           I       Pid 9           I      Pid 13           O           O           O           O
        1848           I       Pid 9           I      Pid 13           O           O           O           O
        1849           I       Pid 9           I      Pid 13           O           O           O           O
        1850           I       Pid 9           I      Pid 13           O           O           O           O
        1851           I       Pid 9           I      Pid 13           O           O           O           O
        1852           I       Pid 9           I      Pid 13           O           O           O           O
        1853           I       Pid 9           I      Pid 13           O           O           O           O
        1854           I       Pid 9           I      Pid 13           O           O           O           O
        1855           I       Pid 9           I      Pid 13           O           O           O           O
        1856           I       Pid 9           I      Pid 13           O           O           O           O
        1857           I       Pid 9           I      Pid 13           O           O           O           O
        1858           I           I           I      Pid 13           O           O           O           O
        1859           I           I           I      Pid 13           O           O           O           O
        1860           I           I           I      Pid 13           O           O           O           O
        1861           I           I           I      Pid 13           O           O           O           O
        1862           I           I           I      Pid 13           O           O           O           O
        1863           I           I           I      Pid 13           O           O           O           O
        1864           I           I           I      Pid 13           O           O           O           O
        1865           I           I           I      Pid 13           O           O           O           O
        1866           I           I           I      Pid 13           O           O           O           O
        1867           I           I           I      Pid 13           O           O           O           O
        1868           I           I           I      Pid 13           O           O           O           O
        1869           I           I           I      Pid 13           O           O           O           O
        1870           I           I           I      Pid 13           O           O           O           O
        1871           I           I           I      Pid 13           O           O           O           O
        1872           I           I           I      Pid 13           O           O           O           O
        1873           I           I           I           I           O           O           O           O
        1874           I           I           I           I           O           O           O           O
        1875           I           I           I           I           O           O           O           O
        1876           I           I           I           I           O           O           O           O
        1877           I           I           I           I           O           O           O           O
        1878           I           I           I           I           O           O           O           O
        1879           I           I           I           I           O           O           O           O
        1880           I           I           I           I           O           O           O           O
        1881           I           I           I           I           O           O           O           O
        1882           I           I           I           I           O           O           O           O
        1883           I           I           I           I           O           O           O           O
        1884           I           I           I           I           O           O           O           O
        1885           I      Pid 10           I           I           O           O           O           O
        1886           I      Pid 10           I           I           O           O           O           O
        1887           I      Pid 10           I           I           O           O           O           O
        1888           I      Pid 10           I           I           O           O           O           O
        1889           I      Pid 10           I           I           O           O           O           O
        1890           I      Pid 10       Pid 7           I           O           O           O           O
        1891           I      Pid 10       Pid 7           I           O           O           O           O
        1892           I      Pid 10       Pid 7           I           O           O           O           O
        1893           I      Pid 10       Pid 7           I           O           O           O           O
        1894           I      Pid 10       Pid 7           I           O           O           O           O
        1895           I      Pid 10       Pid 7           I           O           O           O           O
        1896           I      Pid 10       Pid 7           I           O           O           O           O
        1897           I      Pid 10       Pid 7           I           O           O           O           O
        1898           I      Pid 10       Pid 7           I           O           O           O           O
        1899           I      Pid 10       Pid 7           I           O           O           O           O
        1900           I      Pid 10       Pid 7           I           O           O           O           O
    Epoch 20      Core 0      Core 1      Core 2      Core 3      Core 4      Core 5      Core 6      Core 7
        1901           I      Pid 10       Pid 7           I           O           O           O           O
        1902           I      Pid 10       Pid 7           I           O           O           O           O
        1903           I      Pid 10       Pid 7           I           O           O           O           O
        1904           I      Pid 10       Pid 7           I           O           O           O           O
        1905           I      Pid 10       Pid 7           I           O           O           O           O
        1906           I      Pid 10       Pid 7           I           O           O           O           O
        1907           I      Pid 10       Pid 7           I           O           O           O           O
        1908           I      Pid 10       Pid 7           I           O           O           O           O
        1909           I      Pid 10       Pid 7           I           O           O           O           O
        1910           I      Pid 10       Pid 7           I           O           O           O           O
        1911           I      Pid 10       Pid 7           I           O           O           O           O
        1912           I      Pid 10       Pid 7           I           O           O           O           O
        1913           I      Pid 10       Pid 7           I           O           O           O           O
        1914           I      Pid 10       Pid 7           I           O           O           O           O
        1915           I      Pid 10       Pid 7           I           O           O           O           O
        1916           I      Pid 10       Pid 7           I           O           O           O           O
        1917           I      Pid 10       Pid 7           I           O           O           O           O
        1918           I      Pid 10       Pid 7           I           O           O           O           O
        1919           I      Pid 10       Pid 7           I           O           O           O           O
        1920           I      Pid 10       Pid 7           I           O           O           O           O
        1921           I      Pid 10       Pid 7           I           O           O           O           O
        1922           I      Pid 11       Pid 7           I           O           O           O           O
        1923           I      Pid 11       Pid 7           I           O           O           O           O
        1924           I      Pid 11       Pid 7           I           O           O           O           O
        1925       Pid 5      Pid 11       Pid 7           I           O           O           O           O
        1926       Pid 5      Pid 11       Pid 7           I           O           O           O           O
        1927       Pid 5      Pid 11       Pid 6           I           O           O           O           O
        1928       Pid 5      Pid 11       Pid 6           I           O           O           O           O
        1929       Pid 5      Pid 11       Pid 6           I           O           O           O           O
        1930       Pid 5      Pid 11       Pid 6           I           O           O           O           O
        1931       Pid 5      Pid 11       Pid 6           I           O           O           O           O
        1932       Pid 5      Pid 11       Pid 6           I           O           O           O           O
        1933       Pid 5      Pid 11       Pid 6           I           O           O           O           O
        1934       Pid 5      Pid 11       Pid 6           I           O           O           O           O
        1935       Pid 5      Pid 11       Pid 6           I           O           O           O           O
        1936       Pid 5      Pid 11       Pid 6           I           O           O           O           O
        1937       Pid 5      Pid 11       Pid 6           I           O           O           O           O
        1938       Pid 5      Pid 11       Pid 6      Pid 12           O           O           O           O
        1939       Pid 5      Pid 11       Pid 6      Pid 12           O           O           O           O
        1940       Pid 5      Pid 11       Pid 6      Pid 12           O           O           O           O
        1941       Pid 5      Pid 11       Pid 6      Pid 12           O           O           O           O
        1942       Pid 5      Pid 11       Pid 6      Pid 12           O           O           O           O
        1943       Pid 5      Pid 11       Pid 6      Pid 12           O           O           O           O
        1944       Pid 5      Pid 11       Pid 6      Pid 12           O           O           O           O
        1945       Pid 5      Pid 11       Pid 6      Pid 12           O           O           O           O
        1946       Pid 5      Pid 11       Pid 6      Pid 12           O           O           O           O
        1947       Pid 5      Pid 11       Pid 6      Pid 12           O           O           O           O
        1948       Pid 5      Pid 11       Pid 6      Pid 12           O           O           O           O
        1949       Pid 5      Pid 11       Pid 6      Pid 12           O           O           O           O
        1950       Pid 5      Pid 11       Pid 6      Pid 12           O           O           O           O
        1951       Pid 5      Pid 11       Pid 6      Pid 12           O           O           O           O
        1952       Pid 5      Pid 11       Pid 6      Pid 12           O           O           O           O
        1953       Pid 5       Pid 4       Pid 6      Pid 12           O           O           O           O
        1954       Pid 5       Pid 4       Pid 6      Pid 12           O           O           O           O
        1955       Pid 5       Pid 4       Pid 6      Pid 12           O           O           O           O
        1956       Pid 5       Pid 4       Pid 6      Pid 12           O           O           O           O
        1957       Pid 5       Pid 4       Pid 6      Pid 12           O           O           O           O
        1958       Pid 5       Pid 4       Pid 6      Pid 12           O           O           O           O
        1959       Pid 5       Pid 4           I      Pid 12           O           O           O           O
        1960       Pid 5       Pid 4           I      Pid 12           O           O           O           O
        1961       Pid 5       Pid 4           I      Pid 12           O           O           O           O
        1962       Pid 5       Pid 4           I      Pid 12           O           O           O           O
        1963           I       Pid 4           I      Pid 12           O           O           O           O
        1964           I       Pid 4           I      Pid 12           O           O           O           O
        1965           I       Pid 4           I      Pid 12           O           O           O           O
        1966           I       Pid 4           I      Pid 12           O           O           O           O
        1967           I       Pid 4       Pid 8      Pid 12           O           O           O           O
        1968           I       Pid 4       Pid 8      Pid 12           O           O           O           O
        1969           I       Pid 4       Pid 8      Pid 12           O           O           O           O
        1970           I       Pid 4       Pid 8      Pid 12           O           O           O           O
        1971           I       Pid 4       Pid 8      Pid 12           O           O           O           O
        1972           I       Pid 4       Pid 8      Pid 12           O           O           O           O
        1973           I       Pid 4       Pid 8           I           O           O           O           O
        1974           I       Pid 4       Pid 8      Pid 13           O           O           O           O
        1975           I       Pid 4       Pid 8      Pid 13           O           O           O           O
        1976           I       Pid 4       Pid 8      Pid 13           O           O           O           O
        1977           I       Pid 4       Pid 8      Pid 13           O           O           O           O
        1978           I       Pid 4       Pid 8      Pid 13           O           O           O           O
        1979           I       Pid 4       Pid 8      Pid 13           O           O           O           O
        1980           I       Pid 4       Pid 8      Pid 13           O           O           O           O
        1981           I       Pid 4       Pid 8      Pid 13           O           O           O           O
        1982           I       Pid 4       Pid 8      Pid 13           O           O           O           O
        1983           I       Pid 4       Pid 8      Pid 13           O           O           O           O
        1984           I       Pid 4       Pid 8      Pid 13           O           O           O           O
        1985           I       Pid 4       Pid 8      Pid 13           O           O           O           O
        1986           I       Pid 4       Pid 8      Pid 13           O           O           O           O
        1987           I       Pid 4       Pid 8      Pid 13           O           O           O           O
        1988           I       Pid 4       Pid 8      Pid 13           O           O           O           O
        1989           I       Pid 4       Pid 8      Pid 13           O           O           O           O
        1990           I       Pid 4       Pid 8      Pid 13           O           O           O           O
        1991           I       Pid 4       Pid 8      Pid 13           O           O           O           O
        1992           I       Pid 9       Pid 8      Pid 13           O           O           O           O
        1993           I       Pid 9       Pid 8      Pid 13           O           O           O           O
        1994           I       Pid 9       Pid 8      Pid 13           O           O           O           O
        1995           I       Pid 9       Pid 8      Pid 13           O           O           O           O
        1996           I       Pid 9       Pid 8      Pid 13           O           O           O           O
        1997           I       Pid 9       Pid 8      Pid 13           O           O           O           O
        1998           I       Pid 9       Pid 8      Pid 13           O           O           O           O
        1999           I       Pid 9       Pid 8      Pid 13           O           O           O           O
        2000           I       Pid 9       Pid 8      Pid 13           O           O           O           O
    Epoch 21      Core 0      Core 1      Core 2      Core 3      Core 4      Core 5      Core 6      Core 7
        2001           I       Pid 9       Pid 8      Pid 13           O           O           O           O
        2002           I       Pid 9       Pid 8      Pid 13           O           O           O           O
        2003           I       Pid 9           I      Pid 13           O           O           O           O
        2004           I       Pid 9           I      Pid 13           O           O           O           O
        2005           I       Pid 9           I      Pid 13           O           O           O           O
        2006           I       Pid 9           I      Pid 13           O           O           O           O
        2007           I       Pid 9           I      Pid 13           O           O           O           O
        2008           I       Pid 9           I      Pid 13           O           O           O           O
        2009           I       Pid 9           I      Pid 13           O           O           O           O
        2010           I       Pid 9           I      Pid 13           O           O           O           O
        2011           I       Pid 9           I      Pid 13           O           O           O           O
        2012           I       Pid 9           I           I           O           O           O           O
        2013           I       Pid 9           I           I           O           O           O           O
        2014           I       Pid 9           I           I           O           O           O           O
        2015           I       Pid 9           I           I           O           O           O           O
        2016           I       Pid 9           I           I           O           O           O           O
        2017           I       Pid 9           I           I           O           O           O           O
        2018           I       Pid 9           I           I           O           O           O           O
        2019           I       Pid 9           I           I           O           O           O           O
        2020           I       Pid 9           I           I           O           O           O           O
        2021           I       Pid 9           I           I           O           O           O           O
        2022           I       Pid 9           I           I           O           O           O           O
        2023           I       Pid 9           I           I           O           O           O           O
        2024           I           I           I           I           O           O           O           O
        2025           I           I           I           I           O           O           O           O
        2026           I           I           I           I           O           O           O           O
        2027           I      Pid 10       Pid 7           I           O           O           O           O
        2028           I      Pid 10       Pid 7           I           O           O           O           O
        2029           I      Pid 10       Pid 7           I           O           O           O           O
        2030           I      Pid 10       Pid 7           I           O           O           O           O
        2031           I      Pid 10       Pid 7           I           O           O           O           O
        2032           I      Pid 10       Pid 7           I           O           O           O           O
        2033           I      Pid 10       Pid 7           I           O           O           O           O
        2034           I      Pid 10       Pid 7           I           O           O           O           O
        2035           I      Pid 10       Pid 7           I           O           O           O           O
        2036           I      Pid 10       Pid 7           I           O           O           O           O
        2037           I      Pid 10       Pid 7           I           O           O           O           O
        2038           I      Pid 10       Pid 7           I           O           O           O           O
        2039           I      Pid 10       Pid 7           I           O           O           O           O
        2040           I      Pid 10       Pid 7           I           O           O           O           O
        2041           I      Pid 10       Pid 7           I           O           O           O           O
        2042           I      Pid 10       Pid 7           I           O           O           O           O
        2043           I      Pid 10       Pid 7           I           O           O           O           O
        2044           I      Pid 10       Pid 7           I           O           O           O           O
        2045           I      Pid 10       Pid 7           I           O           O           O           O
        2046           I      Pid 10       Pid 7           I           O           O           O           O
        2047           I      Pid 10       Pid 7           I           O           O           O           O
        2048           I      Pid 10       Pid 7           I           O           O           O           O
        2049           I      Pid 10       Pid 7           I           O           O           O           O
        2050           I      Pid 10       Pid 7           I           O           O           O           O
        2051           I      Pid 10       Pid 7           I           O           O           O           O
        2052           I      Pid 10       Pid 7           I           O           O           O           O
        2053           I      Pid 10       Pid 7           I           O           O           O           O
        2054           I      Pid 10       Pid 7           I           O           O           O           O
        2055           I      Pid 10       Pid 7           I           O           O           O           O
        2056           I      Pid 10       Pid 7           I           O           O           O           O
        2057           I      Pid 10       Pid 7           I           O           O           O           O
        2058           I      Pid 10       Pid 7           I           O           O           O           O
        2059           I      Pid 10       Pid 7           I           O           O           O           O
        2060           I      Pid 10       Pid 7           I           O           O           O           O
        2061           I      Pid 10       Pid 7           I           O           O           O           O
        2062       Pid 5      Pid 10           I           I           O           O           O           O
        2063       Pid 5      Pid 10           I           I           O           O           O           O
        2064       Pid 5      Pid 11       Pid 6           I           O           O           O           O
        2065       Pid 5      Pid 11       Pid 6           I           O           O           O           O
        2066       Pid 5      Pid 11       Pid 6           I           O           O           O           O
        2067       Pid 5      Pid 11       Pid 6           I           O           O           O           O
        2068       Pid 5      Pid 11       Pid 6           I           O           O           O           O
        2069       Pid 5      Pid 11       Pid 6           I           O           O           O           O
        2070       Pid 5      Pid 11       Pid 6           I           O           O           O           O
        2071       Pid 5      Pid 11       Pid 6           I           O           O           O           O
        2072       Pid 5      Pid 11       Pid 6           I           O           O           O           O
        2073       Pid 5      Pid 11       Pid 6           I           O           O           O           O
        2074       Pid 5      Pid 11       Pid 6           I           O           O           O           O
        2075       Pid 5      Pid 11       Pid 6           I           O           O           O           O
        2076       Pid 5      Pid 11       Pid 6           I           O           O           O           O
        2077       Pid 5      Pid 11       Pid 6           I           O           O           O           O
        2078       Pid 5      Pid 11       Pid 6           I           O           O           O           O
        2079       Pid 5      Pid 11       Pid 6           I           O           O           O           O
        2080       Pid 5      Pid 11       Pid 6           I           O           O           O           O
        2081       Pid 5      Pid 11       Pid 6           I           O           O           O           O
        2082       Pid 5      Pid 11       Pid 6           I           O           O           O           O
        2083       Pid 5      Pid 11       Pid 6           I           O           O           O           O
        2084       Pid 5      Pid 11       Pid 6           I           O           O           O           O
        2085       Pid 5      Pid 11       Pid 6           I           O           O           O           O
        2086       Pid 5      Pid 11       Pid 6           I           O           O           O           O
        2087       Pid 5      Pid 11       Pid 6           I           O           O           O           O
        2088       Pid 5      Pid 11       Pid 6      Pid 12           O           O           O           O
        2089       Pid 5      Pid 11       Pid 6      Pid 12           O           O           O           O
        2090       Pid 5      Pid 11       Pid 6      Pid 12           O           O           O           O
        2091       Pid 5      Pid 11       Pid 6      Pid 12           O           O           O           O
        2092       Pid 5      Pid 11       Pid 6      Pid 12           O           O           O           O
        2093       Pid 5      Pid 11       Pid 6      Pid 12           O           O           O           O
        2094           I      Pid 11           I      Pid 12           O           O           O           O
        2095           I      Pid 11           I      Pid 12           O           O           O           O
        2096           I      Pid 11           I      Pid 12           O           O           O           O
        2097           I      Pid 11           I      Pid 12           O           O           O           O
        2098           I      Pid 11           I      Pid 12           O           O           O           O
        2099           I      Pid 11           I      Pid 12           O           O           O           O
        2100           I           I           I      Pid 12           O           O           O           O
    Epoch 22      Core 0      Core 1      Core 2      Core 3      Core 4      Core 5      Core 6      Core 7
        2101           I           I           I      Pid 12           O           O           O           O
        2102           I           I           I      Pid 12           O           O           O           O
        2103           I           I           I      Pid 12           O           O           O           O
        2104           I           I           I      Pid 12           O           O           O           O
        2105           I           I           I      Pid 12           O           O           O           O
        2106           I           I           I      Pid 12           O           O           O           O
        2107           I           I           I      Pid 12           O           O           O           O
        2108           I           I           I      Pid 12           O           O           O           O
        2109           I           I           I      Pid 12           O           O           O           O
        2110           I           I           I      Pid 12           O           O           O           O
        2111           I           I           I      Pid 12           O           O           O           O
        2112           I           I           I      Pid 12           O           O           O           O
        2113           I           I           I      Pid 12           O           O           O           O
        2114           I           I           I      Pid 12           O           O           O           O
        2115           I           I           I      Pid 12           O           O           O           O
        2116           I           I           I      Pid 12           O           O           O           O
        2117           I           I           I      Pid 12           O           O           O           O
        2118           I           I           I      Pid 12           O           O           O           O
        2119           I           I       Pid 8      Pid 12           O           O           O           O
        2120           I           I       Pid 8      Pid 12           O           O           O           O
        2121           I           I       Pid 8      Pid 12           O           O           O           O
        2122           I           I       Pid 8      Pid 14           O           O           O           O
        2123           I           I       Pid 8      Pid 14           O           O           O           O
        2124           I           I       Pid 8      Pid 14           O           O           O           O
        2125           I           I       Pid 8      Pid 14           O           O           O           O
        2126           I           I       Pid 8      Pid 14           O           O           O           O
        2127           I           I       Pid 8      Pid 14           O           O           O           O
        2128           I           I       Pid 8      Pid 14           O           O           O           O
        2129           I       Pid 9       Pid 8      Pid 14           O           O           O           O
        2130           I       Pid 9       Pid 8      Pid 14           O           O           O           O
        2131           I       Pid 9       Pid 8      Pid 14           O           O           O           O
        2132           I       Pid 9       Pid 8      Pid 14           O           O           O           O
        2133           I       Pid 9       Pid 8      Pid 14           O           O           O           O
        2134           I       Pid 9       Pid 8      Pid 14           O           O           O           O
        2135           I       Pid 9       Pid 8      Pid 14           O           O           O           O
        2136           I       Pid 9       Pid 8      Pid 14           O           O           O           O
        2137           I       Pid 9       Pid 8      Pid 14           O           O           O           O
        2138           I       Pid 9       Pid 8      Pid 14           O           O           O           O
        2139           I       Pid 9       Pid 8      Pid 14           O           O           O           O
        2140           I       Pid 9       Pid 8      Pid 14           O           O           O           O
        2141           I       Pid 9       Pid 8      Pid 14           O           O           O           O
        2142           I       Pid 9       Pid 8      Pid 14           O           O           O           O
        2143           I       Pid 9       Pid 8      Pid 14           O           O           O           O
        2144           I       Pid 9       Pid 8      Pid 14           O           O           O           O
        2145           I       Pid 9       Pid 8      Pid 14           O           O           O           O
        2146           I       Pid 9       Pid 8      Pid 14           O           O           O           O
        2147           I       Pid 9       Pid 8      Pid 14           O           O           O           O
        2148           I       Pid 9       Pid 8      Pid 14           O           O           O           O
        2149           I       Pid 9       Pid 8      Pid 14           O           O           O           O
        2150           I       Pid 9       Pid 8      Pid 14           O           O           O           O
        2151           I       Pid 9       Pid 8      Pid 14           O           O           O           O
        2152           I       Pid 9       Pid 8      Pid 14           O           O           O           O
        2153           I       Pid 9           I      Pid 14           O           O           O           O
        2154           I       Pid 9           I      Pid 14           O           O           O           O
        2155           I       Pid 9           I      Pid 13           O           O           O           O
        2156           I       Pid 9           I      Pid 13           O           O           O           O
        2157           I       Pid 9           I      Pid 13           O           O           O           O
        2158           I       Pid 9           I      Pid 13           O           O           O           O
        2159           I       Pid 9           I      Pid 13           O           O           O           O
        2160           I       Pid 9           I      Pid 13           O           O           O           O
        2161           I       Pid 9           I      Pid 13           O           O           O           O
        2162           I       Pid 9           I      Pid 13           O           O           O           O
        2163           I       Pid 9           I      Pid 13           O           O           O           O
        2164           I       Pid 9           I      Pid 13           O           O           O           O
        2165           I       Pid 9       Pid 7      Pid 13           O           O           O           O
        2166           I       Pid 9       Pid 7      Pid 13           O           O           O           O
        2167           I       Pid 9       Pid 7      Pid 13           O           O           O           O
        2168           I       Pid 9       Pid 7      Pid 13           O           O           O           O
        2169           I           I       Pid 7      Pid 13           O           O           O           O
        2170           I           I       Pid 7      Pid 13           O           O           O           O
        2171           I           I       Pid 7      Pid 13           O           O           O           O
        2172           I           I       Pid 7      Pid 13           O           O           O           O
        2173           I           I       Pid 7      Pid 13           O           O           O           O
        2174           I           I       Pid 7      Pid 13           O           O           O           O
        2175           I           I       Pid 7      Pid 13           O           O           O           O
        2176           I           I       Pid 7      Pid 13           O           O           O           O
        2177           I           I       Pid 7      Pid 13           O           O           O           O
        2178           I           I       Pid 7      Pid 13           O           O           O           O
        2179           I           I       Pid 7      Pid 13           O           O           O           O
        2180           I           I       Pid 7      Pid 13           O           O           O           O
        2181           I           I       Pid 7      Pid 13           O           O           O           O
        2182           I           I       Pid 7      Pid 13           O           O           O           O
        2183           I      Pid 10       Pid 7      Pid 13           O           O           O           O
        2184           I      Pid 10       Pid 7      Pid 13           O           O           O           O
        2185           I      Pid 10       Pid 7      Pid 13           O           O           O           O
        2186           I      Pid 10       Pid 7      Pid 13           O           O           O           O
        2187           I      Pid 10       Pid 7      Pid 13           O           O           O           O
        2188           I      Pid 10       Pid 7      Pid 13           O           O           O           O
        2189           I      Pid 10       Pid 7      Pid 13           O           O           O           O
        2190           I      Pid 10       Pid 7      Pid 13           O           O           O           O
        2191           I      Pid 10       Pid 7      Pid 13           O           O           O           O
        2192           I      Pid 10       Pid 7      Pid 13           O           O           O           O
        2193           I      Pid 10       Pid 7      Pid 13           O           O           O           O
        2194           I      Pid 10       Pid 7      Pid 13           O           O           O           O
        2195           I      Pid 10       Pid 7      Pid 15           O           O           O           O
        2196           I      Pid 10       Pid 7      Pid 15           O           O           O           O
        2197           I      Pid 10       Pid 7      Pid 15           O           O           O           O
        2198           I      Pid 10       Pid 7      Pid 15           O           O           O           O
        2199           I      Pid 10       Pid 7      Pid 15           O           O           O           O
        2200           I      Pid 10       Pid 6      Pid 15           O           O           O           O
    Epoch 23      Core 0      Core 1      Core 2      Core 3      Core 4      Core 5      Core 6      Core 7
        2201           I      Pid 10       Pid 6      Pid 15           O           O           O           O
        2202           I      Pid 10       Pid 6      Pid 15           O           O           O           O
        2203           I      Pid 10       Pid 6      Pid 15           O           O           O           O
        2204           I      Pid 10       Pid 6      Pid 15           O           O           O           O
        2205           I      Pid 10       Pid 6      Pid 15           O           O           O           O
        2206           I      Pid 10       Pid 6      Pid 15           O           O           O           O
        2207           I      Pid 10       Pid 6      Pid 15           O           O           O           O
        2208           I      Pid 10       Pid 6      Pid 15           O           O           O           O
        2209           I      Pid 10       Pid 6      Pid 15           O           O           O           O
        2210           I      Pid 10       Pid 6      Pid 15           O           O           O           O
        2211           I      Pid 10       Pid 6      Pid 15           O           O           O           O
        2212           I      Pid 10       Pid 6      Pid 15           O           O           O           O
        2213           I      Pid 10       Pid 6      Pid 15           O           O           O           O
        2214           I      Pid 10       Pid 6      Pid 15           O           O           O           O
        2215           I      Pid 10       Pid 6      Pid 15           O           O           O           O
        2216           I      Pid 10       Pid 6      Pid 15           O           O           O           O
        2217           I      Pid 10       Pid 6      Pid 15           O           O           O           O
        2218           I      Pid 10       Pid 6      Pid 15           O           O           O           O
        2219           I      Pid 10       Pid 6      Pid 15           O           O           O           O
        2220           I      Pid 10       Pid 6      Pid 15           O           O           O           O
        2221           I      Pid 10       Pid 6      Pid 15           O           O           O           O
        2222           I           I       Pid 6      Pid 15           O           O           O           O
        2223           I           I       Pid 6      Pid 15           O           O           O           O
        2224           I           I       Pid 6      Pid 15           O           O           O           O
        2225           I           I       Pid 6      Pid 15           O           O           O           O
        2226           I           I       Pid 6      Pid 15           O           O           O           O
        2227           I      Pid 11       Pid 6      Pid 15           O           O           O           O
        2228           I      Pid 11       Pid 6      Pid 15           O           O           O           O
        2229           I      Pid 11       Pid 6      Pid 15           O           O           O           O
        2230           I      Pid 11       Pid 6           I           O           O           O           O
        2231           I      Pid 11       Pid 6           I           O           O           O           O
        2232           I      Pid 11       Pid 6           I           O           O           O           O
        2233           I      Pid 11       Pid 6           I           O           O           O           O
        2234           I      Pid 11       Pid 6           I           O           O           O           O
        2235           I      Pid 11       Pid 6           I           O           O           O           O
        2236           I      Pid 11       Pid 6           I           O           O           O           O
        2237           I      Pid 11       Pid 6           I           O           O           O           O
        2238           I      Pid 11       Pid 6           I           O           O           O           O
        2239           I      Pid 11           I           I           O           O           O           O
        2240           I      Pid 11           I           I           O           O           O           O
        2241           I      Pid 11           I           I           O           O           O           O
        2242           I      Pid 11           I           I           O           O           O           O
        2243           I      Pid 11           I           I           O           O           O           O
        2244           I      Pid 11           I           I           O           O           O           O
        2245           I      Pid 11           I           I           O           O           O           O
        2246           I      Pid 11           I      Pid 12           O           O           O           O
        2247           I      Pid 11           I      Pid 12           O           O           O           O
        2248           I      Pid 11           I      Pid 12           O           O           O           O
        2249           I      Pid 11           I      Pid 12           O           O           O           O
        2250           I      Pid 11           I      Pid 12           O           O           O           O
        2251           I      Pid 11           I      Pid 12           O           O           O           O
        2252           I      Pid 11           I      Pid 12           O           O           O           O
        2253           I      Pid 11           I      Pid 12           O           O           O           O
        2254           I      Pid 11           I      Pid 12           O           O           O           O
        2255           I      Pid 11           I      Pid 12           O           O           O           O
        2256           I      Pid 11           I      Pid 12           O           O           O           O
        2257           I      Pid 11           I      Pid 12           O           O           O           O
        2258           I      Pid 11       Pid 8      Pid 12           O           O           O           O
        2259           I      Pid 11       Pid 8      Pid 12           O           O           O           O
        2260           I      Pid 11       Pid 8      Pid 12           O           O           O           O
        2261           I      Pid 11       Pid 8      Pid 12           O           O           O           O
        2262           I      Pid 11       Pid 8      Pid 12           O           O           O           O
        2263           I      Pid 11       Pid 8      Pid 12           O           O           O           O
        2264           I      Pid 11       Pid 8      Pid 12           O           O           O           O
        2265           I       Pid 9       Pid 8      Pid 12           O           O           O           O
        2266           I       Pid 9       Pid 8      Pid 12           O           O           O           O
        2267           I       Pid 9       Pid 8      Pid 12           O           O           O           O
        2268           I       Pid 9       Pid 8      Pid 12           O           O           O           O
        2269           I       Pid 9       Pid 8      Pid 12           O           O           O           O
        2270           I       Pid 9       Pid 8      Pid 12           O           O           O           O
        2271           I       Pid 9       Pid 8      Pid 12           O           O           O           O
        2272           I       Pid 9       Pid 8      Pid 12           O           O           O           O
        2273           I       Pid 9       Pid 8      Pid 12           O           O           O           O
        2274           I       Pid 9       Pid 8      Pid 12           O           O           O           O
        2275           I       Pid 9       Pid 8      Pid 12           O           O           O           O
        2276           I       Pid 9       Pid 8      Pid 12           O           O           O           O
        2277           I       Pid 9       Pid 8      Pid 12           O           O           O           O
        2278           I       Pid 9       Pid 8      Pid 14           O           O           O           O
        2279           I       Pid 9       Pid 8      Pid 14           O           O           O           O
        2280           I       Pid 9       Pid 8      Pid 14           O           O           O           O
        2281           I       Pid 9       Pid 8      Pid 14           O           O           O           O
        2282           I       Pid 9       Pid 8      Pid 14           O           O           O           O
        2283           I       Pid 9       Pid 8      Pid 14           O           O           O           O
        2284           I       Pid 9       Pid 8      Pid 14           O           O           O           O
        2285           I       Pid 9       Pid 8      Pid 14           O           O           O           O
        2286           I       Pid 9       Pid 8      Pid 14           O           O           O           O
        2287           I       Pid 9       Pid 8      Pid 14           O           O           O           O
        2288           I       Pid 9       Pid 8      Pid 14           O           O           O           O
        2289           I       Pid 9       Pid 8      Pid 14           O           O           O           O
        2290           I       Pid 9       Pid 8      Pid 14           O           O           O           O
        2291           I       Pid 9       Pid 8      Pid 14           O           O           O           O
        2292           I       Pid 9       Pid 8      Pid 14           O           O           O           O
        2293           I       Pid 9       Pid 8      Pid 14           O           O           O           O
        2294           I       Pid 9       Pid 8      Pid 14           O           O           O           O
        2295           I           I       Pid 8      Pid 14           O           O           O           O
        2296           I           I       Pid 8      Pid 14           O           O           O           O
        2297           I           I       Pid 8      Pid 14           O           O           O           O
        2298           I           I           I      Pid 14           O           O           O           O
        2299           I           I           I      Pid 14           O           O           O           O
        2300           I           I           I      Pid 14           O           O           O           O
    Epoch 24      Core 0      Core 1      Core 2      Core 3      Core 4      Core 5      Core 6      Core 7
        2301           I           I       Pid 7      Pid 14           O           O           O           O
        2302           I           I       Pid 7      Pid 14           O           O           O           O
        2303           I           I       Pid 7      Pid 14           O           O           O           O
        2304           I           I       Pid 7      Pid 14           O           O           O           O
        2305           I           I       Pid 7      Pid 14           O           O           O           O
        2306           I           I       Pid 7      Pid 14           O           O           O           O
        2307           I           I       Pid 7      Pid 14           O           O           O           O
        2308           I           I       Pid 7      Pid 14           O           O           O           O
        2309           I           I       Pid 7      Pid 14           O           O           O           O
        2310           I           I       Pid 7           I           O           O           O           O
        2311           I           I       Pid 7           I           O           O           O           O
        2312           I           I       Pid 7      Pid 13           O           O           O           O
        2313           I           I       Pid 7      Pid 13           O           O           O           O
        2314           I           I       Pid 7      Pid 13           O           O           O           O
        2315           I           I       Pid 7      Pid 13           O           O           O           O
        2316           I           I       Pid 7      Pid 13           O           O           O           O
        2317           I           I       Pid 7      Pid 13           O           O           O           O
        2318           I           I       Pid 7      Pid 13           O           O           O           O
        2319           I           I       Pid 7      Pid 13           O           O           O           O
        2320           I           I       Pid 7      Pid 13           O           O           O           O
        2321           I           I       Pid 7      Pid 13           O           O           O           O
        2322           I           I       Pid 7      Pid 13           O           O           O           O
        2323           I           I       Pid 7      Pid 13           O           O           O           O
        2324           I           I       Pid 7      Pid 13           O           O           O           O
        2325           I           I       Pid 7      Pid 13           O           O           O           O
        2326           I           I       Pid 7      Pid 13           O           O           O           O
        2327           I           I       Pid 7      Pid 13           O           O           O           O
        2328           I           I       Pid 7      Pid 13           O           O           O           O
        2329           I           I       Pid 7      Pid 13           O           O           O           O
        2330           I           I       Pid 7      Pid 13           O           O           O           O
        2331           I           I       Pid 7      Pid 13           O           O           O           O
        2332           I           I       Pid 7      Pid 13           O           O           O           O
        2333           I           I       Pid 7      Pid 13           O           O           O           O
        2334           I           I           I      Pid 13           O           O           O           O
        2335           I           I           I      Pid 13           O           O           O           O
        2336           I           I           I      Pid 13           O           O           O           O
        2337           I           I           I      Pid 13           O           O           O           O
        2338           I           I           I      Pid 13           O           O           O           O
        2339           I      Pid 10           I      Pid 13           O           O           O           O
        2340           I      Pid 10           I      Pid 13           O           O           O           O
        2341           I      Pid 10           I      Pid 13           O           O           O           O
        2342           I      Pid 10           I      Pid 13           O           O           O           O
        2343           I      Pid 10           I      Pid 13           O           O           O           O
        2344           I      Pid 10           I      Pid 13           O           O           O           O
        2345           I      Pid 10           I      Pid 15           O           O           O           O
        2346           I      Pid 10           I      Pid 15           O           O           O           O
        2347           I      Pid 10           I      Pid 15           O           O           O           O
        2348           I      Pid 10           I      Pid 15           O           O           O           O
        2349           I      Pid 10           I      Pid 15           O           O           O           O
        2350           I      Pid 10           I      Pid 15           O           O           O           O
        2351           I      Pid 10           I      Pid 15           O           O           O           O
        2352           I      Pid 10           I      Pid 15           O           O           O           O
        2353           I      Pid 10           I      Pid 15           O           O           O           O
        2354           I      Pid 10           I      Pid 15           O           O           O           O
        2355           I      Pid 10           I      Pid 15           O           O           O           O
        2356           I      Pid 10           I      Pid 15           O           O           O           O
        2357           I      Pid 10           I      Pid 15           O           O           O           O
        2358           I      Pid 10           I      Pid 15           O           O           O           O
        2359           I      Pid 10           I      Pid 15           O           O           O           O
        2360           I      Pid 10           I      Pid 15           O           O           O           O
        2361           I      Pid 10           I      Pid 15           O           O           O           O
        2362           I      Pid 10           I      Pid 15           O           O           O           O
        2363           I      Pid 10           I      Pid 15           O           O           O           O
        2364           I      Pid 10           I      Pid 15           O           O           O           O
        2365           I      Pid 10           I      Pid 15           O           O           O           O
        2366           I      Pid 10           I      Pid 15           O           O           O           O
        2367           I      Pid 10           I      Pid 15           O           O           O           O
        2368           I      Pid 10           I      Pid 15           O           O           O           O
        2369           I      Pid 10           I      Pid 15           O           O           O           O
        2370           I      Pid 10           I      Pid 15           O           O           O           O
        2371           I      Pid 10           I      Pid 15           O           O           O           O
        2372           I      Pid 10           I      Pid 15           O           O           O           O
        2373           I      Pid 10           I      Pid 15           O           O           O           O
        2374           I      Pid 10           I      Pid 15           O           O           O           O
        2375           I      Pid 10           I      Pid 15           O           O           O           O
        2376           I      Pid 10           I      Pid 15           O           O           O           O
        2377           I      Pid 11           I      Pid 15           O           O           O           O
        2378           I      Pid 11           I      Pid 15           O           O           O           O
        2379           I      Pid 11           I           I           O           O           O           O
        2380           I      Pid 11           I      Pid 12           O           O           O           O
        2381           I      Pid 11           I      Pid 12           O           O           O           O
        2382           I      Pid 11           I      Pid 12           O           O           O           O
        2383           I      Pid 11           I      Pid 12           O           O           O           O
        2384           I      Pid 11           I      Pid 12           O           O           O           O
        2385           I      Pid 11           I      Pid 12           O           O           O           O
        2386           I      Pid 11           I      Pid 12           O           O           O           O
        2387           I      Pid 11           I      Pid 12           O           O           O           O
        2388           I      Pid 11           I      Pid 12           O           O           O           O
        2389           I      Pid 11           I      Pid 12           O           O           O           O
        2390           I      Pid 11           I      Pid 12           O           O           O           O
        2391           I      Pid 11           I      Pid 12           O           O           O           O
        2392           I      Pid 11           I      Pid 12           O           O           O           O
        2393           I      Pid 11           I      Pid 12           O           O           O           O
        2394           I      Pid 11           I      Pid 12           O           O           O           O
        2395           I      Pid 11           I      Pid 12           O           O           O           O
        2396           I      Pid 11           I      Pid 12           O           O           O           O
        2397           I      Pid 11           I      Pid 12           O           O           O           O
        2398           I      Pid 11           I      Pid 12           O           O           O           O
        2399           I      Pid 11           I      Pid 12           O           O           O           O
        2400           I      Pid 11           I      Pid 12           O           O           O           O
    Epoch 25      Core 0      Core 1      Core 2      Core 3      Core 4      Core 5      Core 6      Core 7
        2401           I      Pid 11           I      Pid 12           O           O           O           O
        2402           I      Pid 11           I      Pid 12           O           O           O           O
        2403           I      Pid 11           I      Pid 12           O           O           O           O
        2404           I      Pid 11           I      Pid 12           O           O           O           O
        2405           I      Pid 11           I      Pid 12           O           O           O           O
        2406           I      Pid 11           I      Pid 12           O           O           O           O
        2407           I      Pid 11           I      Pid 12           O           O           O           O
        2408           I           I           I      Pid 12           O           O           O           O
        2409           I           I           I      Pid 12           O           O           O           O
        2410           I           I           I      Pid 12           O           O           O           O
        2411           I           I           I      Pid 12           O           O           O           O
        2412           I       Pid 9           I      Pid 12           O           O           O           O
        2413           I       Pid 9           I           I           O           O           O           O
        2414           I       Pid 9           I           I           O           O           O           O
        2415           I       Pid 9           I           I           O           O           O           O
        2416           I       Pid 9       Pid 8           I           O           O           O           O
        2417           I       Pid 9       Pid 8           I           O           O           O           O
        2418           I       Pid 9       Pid 8           I           O           O           O           O
        2419           I       Pid 9       Pid 8           I           O           O           O           O
        2420           I       Pid 9       Pid 8           I           O           O           O           O
        2421           I       Pid 9       Pid 8           I           O           O           O           O
        2422           I       Pid 9       Pid 8           I           O           O           O           O
        2423           I       Pid 9       Pid 8           I           O           O           O           O
        2424           I       Pid 9       Pid 8           I           O           O           O           O
        2425           I       Pid 9       Pid 8           I           O           O           O           O
        2426           I       Pid 9       Pid 8           I           O           O           O           O
        2427           I       Pid 9       Pid 8           I           O           O           O           O
        2428           I       Pid 9       Pid 8           I           O           O           O           O
        2429           I       Pid 9       Pid 8           I           O           O           O           O
        2430           I       Pid 9       Pid 8           I           O           O           O           O
        2431           I       Pid 9       Pid 8           I           O           O           O           O
        2432           I       Pid 9       Pid 8           I           O           O           O           O
        2433           I       Pid 9       Pid 8           I           O           O           O           O
        2434           I       Pid 9       Pid 8           I           O           O           O           O
        2435           I       Pid 9       Pid 8           I           O           O           O           O
        2436           I       Pid 9       Pid 8           I           O           O           O           O
        2437           I       Pid 9       Pid 8      Pid 14           O           O           O           O
        2438           I       Pid 9       Pid 8      Pid 14           O           O           O           O
        2439           I       Pid 9       Pid 8      Pid 14           O           O           O           O
        2440           I       Pid 9       Pid 8      Pid 14           O           O           O           O
        2441           I       Pid 9       Pid 8      Pid 14           O           O           O           O
        2442           I           I       Pid 8      Pid 14           O           O           O           O
        2443           I           I       Pid 8      Pid 14           O           O           O           O
        2444           I           I       Pid 8      Pid 14           O           O           O           O
        2445           I           I       Pid 8      Pid 14           O           O           O           O
        2446           I           I       Pid 8      Pid 14           O           O           O           O
        2447           I           I       Pid 8      Pid 14           O           O           O           O
        2448           I           I           I      Pid 14           O           O           O           O
        2449           I           I           I      Pid 14           O           O           O           O
        2450           I           I           I      Pid 14           O           O           O           O
        2451           I           I           I      Pid 14           O           O           O           O
        2452           I           I           I      Pid 14           O           O           O           O
        2453           I           I           I      Pid 14           O           O           O           O
        2454           I           I           I      Pid 14           O           O           O           O
        2455           I           I           I      Pid 14           O           O           O           O
        2456           I           I           I      Pid 14           O           O           O           O
        2457           I           I           I      Pid 14           O           O           O           O
        2458           I           I           I      Pid 14           O           O           O           O
        2459           I           I           I      Pid 14           O           O           O           O
        2460           I           I           I      Pid 14           O           O           O           O
        2461           I           I           I      Pid 14           O           O           O           O
        2462           I           I           I      Pid 14           O           O           O           O
        2463           I           I           I      Pid 14           O           O           O           O
        2464           I           I           I      Pid 14           O           O           O           O
        2465           I           I           I      Pid 14           O           O           O           O
        2466           I           I           I      Pid 14           O           O           O           O
        2467           I           I           I      Pid 14           O           O           O           O
        2468           I           I           I      Pid 14           O           O           O           O
        2469           I           I           I      Pid 14           O           O           O           O
        2470           I           I           I      Pid 14           O           O           O           O
        2471           I           I           I      Pid 14           O           O           O           O
        2472           I           I           I      Pid 14           O           O           O           O
        2473           I           I           I      Pid 13           O           O           O           O
        2474           I           I           I      Pid 13           O           O           O           O
        2475           I           I           I      Pid 13           O           O           O           O
        2476           I           I           I      Pid 13           O           O           O           O
        2477           I           I           I      Pid 13           O           O           O           O
        2478           I           I           I      Pid 13           O           O           O           O
        2479           I           I           I      Pid 13           O           O           O           O
        2480           I           I           I      Pid 13           O           O           O           O
        2481           I           I           I      Pid 13           O           O           O           O
        2482           I           I           I      Pid 13           O           O           O           O
        2483           I           I           I      Pid 13           O           O           O           O
        2484           I           I           I      Pid 13           O           O           O           O
        2485           I           I           I      Pid 13           O           O           O           O
        2486           I           I           I      Pid 13           O           O           O           O
        2487           I           I           I      Pid 13           O           O           O           O
        2488           I           I           I      Pid 13           O           O           O           O
        2489           I           I           I      Pid 13           O           O           O           O
        2490           I           I           I      Pid 13           O           O           O           O
        2491           I           I           I      Pid 13           O           O           O           O
        2492           I           I           I      Pid 13           O           O           O           O
        2493           I           I           I      Pid 13           O           O           O           O
        2494           I           I           I      Pid 13           O           O           O           O
        2495           I           I           I      Pid 13           O           O           O           O
        2496           I      Pid 10           I      Pid 13           O           O           O           O
        2497           I      Pid 10           I      Pid 13           O           O           O           O
        2498           I      Pid 10           I      Pid 13           O           O           O           O
        2499           I      Pid 10           I      Pid 13           O           O           O           O
        2500           I      Pid 10           I      Pid 13           O           O           O           O
    Epoch 26      Core 0      Core 1      Core 2      Core 3      Core 4      Core 5      Core 6      Core 7
        2501           I      Pid 10           I      Pid 13           O           O           O           O
        2502           I      Pid 10           I      Pid 13           O           O           O           O
        2503           I      Pid 10           I      Pid 13           O           O           O           O
        2504           I      Pid 10           I      Pid 15           O           O           O           O
        2505           I      Pid 10           I      Pid 15           O           O           O           O
        2506           I      Pid 10           I      Pid 15           O           O           O           O
        2507           I      Pid 10           I      Pid 15           O           O           O           O
        2508           I      Pid 10           I      Pid 15           O           O           O           O
        2509           I      Pid 10           I      Pid 15           O           O           O           O
        2510           I      Pid 10           I      Pid 15           O           O           O           O
        2511           I      Pid 10           I      Pid 15           O           O           O           O
        2512           I      Pid 10           I      Pid 15           O           O           O           O
        2513           I      Pid 10           I      Pid 15           O           O           O           O
        2514           I      Pid 10           I      Pid 15           O           O           O           O
        2515           I      Pid 10           I      Pid 15           O           O           O           O
        2516           I      Pid 10           I      Pid 15           O           O           O           O
        2517           I      Pid 10           I      Pid 15           O           O           O           O
        2518           I      Pid 10           I      Pid 15           O           O           O           O
        2519           I      Pid 10           I      Pid 15           O           O           O           O
        2520           I      Pid 10           I      Pid 15           O           O           O           O
        2521           I      Pid 10           I      Pid 15           O           O           O           O
        2522           I      Pid 10           I      Pid 15           O           O           O           O
        2523           I      Pid 10           I      Pid 15           O           O           O           O
        2524           I      Pid 10           I      Pid 15           O           O           O           O
        2525           I      Pid 10           I      Pid 15           O           O           O           O
        2526           I      Pid 10           I      Pid 15           O           O           O           O
        2527           I      Pid 10           I      Pid 15           O           O           O           O
        2528           I      Pid 10           I      Pid 15           O           O           O           O
        2529           I      Pid 10           I      Pid 15           O           O           O           O
        2530           I      Pid 10           I      Pid 15           O           O           O           O
        2531           I      Pid 10           I      Pid 15           O           O           O           O
        2532           I      Pid 10           I      Pid 15           O           O           O           O
        2533           I      Pid 10           I      Pid 15           O           O           O           O
        2534           I      Pid 10           I      Pid 15           O           O           O           O
        2535           I      Pid 11           I      Pid 15           O           O           O           O
        2536           I      Pid 11           I      Pid 15           O           O           O           O
        2537           I      Pid 11           I      Pid 15           O           O           O           O
        2538           I      Pid 11           I      Pid 15           O           O           O           O
        2539           I      Pid 11           I      Pid 15           O           O           O           O
        2540           I      Pid 11           I      Pid 15           O           O           O           O
        2541           I      Pid 11           I      Pid 15           O           O           O           O
        2542           I      Pid 11           I      Pid 15           O           O           O           O
        2543           I      Pid 11           I      Pid 12           O           O           O           O
        2544           I      Pid 11           I      Pid 12           O           O           O           O
        2545           I      Pid 11           I      Pid 12           O           O           O           O
        2546           I      Pid 11           I      Pid 12           O           O           O           O
        2547           I      Pid 11           I      Pid 12           O           O           O           O
        2548           I      Pid 11           I      Pid 12           O           O           O           O
        2549           I      Pid 11           I      Pid 12           O           O           O           O
        2550           I      Pid 11           I      Pid 12           O           O           O           O
        2551           I      Pid 11           I      Pid 12           O           O           O           O
        2552           I      Pid 11           I      Pid 12           O           O           O           O
        2553           I      Pid 11           I      Pid 12           O           O           O           O
        2554           I      Pid 11           I      Pid 12           O           O           O           O
        2555           I      Pid 11           I      Pid 12           O           O           O           O
        2556           I      Pid 11           I      Pid 12           O           O           O           O
        2557           I      Pid 11           I      Pid 12           O           O           O           O
        2558           I      Pid 11           I      Pid 12           O           O           O           O
        2559           I      Pid 11           I      Pid 12           O           O           O           O
        2560           I      Pid 11       Pid 8      Pid 12           O           O           O           O
        2561           I      Pid 11       Pid 8      Pid 12           O           O           O           O
        2562           I      Pid 11       Pid 8      Pid 12           O           O           O           O
        2563           I      Pid 11       Pid 8      Pid 12           O           O           O           O
        2564           I      Pid 11       Pid 8      Pid 12           O           O           O           O
        2565           I      Pid 11       Pid 8      Pid 12           O           O           O           O
        2566           I      Pid 11       Pid 8      Pid 12           O           O           O           O
        2567           I      Pid 11       Pid 8      Pid 12           O           O           O           O
        2568           I      Pid 11       Pid 8      Pid 12           O           O           O           O
        2569           I      Pid 11       Pid 8      Pid 12           O           O           O           O
        2570           I      Pid 11       Pid 8      Pid 12           O           O           O           O
        2571           I      Pid 11       Pid 8      Pid 12           O           O           O           O
        2572           I       Pid 9       Pid 8      Pid 12           O           O           O           O
        2573           I       Pid 9       Pid 8      Pid 12           O           O           O           O
        2574           I       Pid 9       Pid 8      Pid 14           O           O           O           O
        2575           I       Pid 9       Pid 8      Pid 14           O           O           O           O
        2576           I       Pid 9       Pid 8      Pid 14           O           O           O           O
        2577           I       Pid 9       Pid 8      Pid 14           O           O           O           O
        2578           I       Pid 9       Pid 8      Pid 14           O           O           O           O
        2579           I       Pid 9       Pid 8      Pid 14           O           O           O           O
        2580           I       Pid 9       Pid 8      Pid 14           O           O           O           O
        2581           I       Pid 9       Pid 8      Pid 14           O           O           O           O
        2582           I       Pid 9       Pid 8      Pid 14           O           O           O           O
        2583           I       Pid 9       Pid 8      Pid 14           O           O           O           O
        2584           I       Pid 9       Pid 8      Pid 14           O           O           O           O
        2585           I       Pid 9       Pid 8      Pid 14           O           O           O           O
        2586           I       Pid 9       Pid 8      Pid 14           O           O           O           O
        2587           I       Pid 9       Pid 8      Pid 14           O           O           O           O
        2588           I       Pid 9       Pid 8      Pid 14           O           O           O           O
        2589           I       Pid 9       Pid 8      Pid 14           O           O           O           O
        2590           I       Pid 9       Pid 8      Pid 14           O           O           O           O
        2591           I       Pid 9       Pid 8      Pid 14           O           O           O           O
        2592           I       Pid 9       Pid 8      Pid 14           O           O           O           O
        2593           I       Pid 9       Pid 8      Pid 14           O           O           O           O
        2594           I       Pid 9       Pid 8      Pid 14           O           O           O           O
        2595           I       Pid 9       Pid 8      Pid 14           O           O           O           O
        2596           I       Pid 9       Pid 8      Pid 14           O           O           O           O
        2597           I       Pid 9       Pid 8      Pid 14           O           O           O           O
        2598           I       Pid 9       Pid 8      Pid 14           O           O           O           O
        2599           I       Pid 9           I      Pid 14           O           O           O           O
        2600           I       Pid 9           I      Pid 14           O           O           O           O
    Epoch 27      Core 0      Core 1      Core 2      Core 3      Core 4      Core 5      Core 6      Core 7
        2601           I       Pid 9           I      Pid 14           O           O           O           O
        2602           I           I           I      Pid 14           O           O           O           O
        2603           I           I           I      Pid 14           O           O           O           O
        2604           I           I           I      Pid 14           O           O           O           O
        2605           I           I           I      Pid 14           O           O           O           O
        2606           I           I           I      Pid 14           O           O           O           O
        2607           I           I           I           I           O           O           O           O
        2608           I           I           I           I           O           O           O           O
        2609           I           I           I           I           O           O           O           O
        2610           I           I           I           I           O           O           O           O
        2611           I           I           I           I           O           O           O           O
        2612           I           I           I      Pid 13           O           O           O           O
        2613           I           I           I      Pid 13           O           O           O           O
        2614           I           I           I      Pid 13           O           O           O           O
        2615           I           I           I      Pid 13           O           O           O           O
        2616           I           I           I      Pid 13           O           O           O           O
        2617           I           I           I      Pid 13           O           O           O           O
        2618           I           I           I      Pid 13           O           O           O           O
        2619           I           I           I      Pid 13           O           O           O           O
        2620           I           I           I      Pid 13           O           O           O           O
        2621           I           I           I      Pid 13           O           O           O           O
        2622           I           I           I      Pid 13           O           O           O           O
        2623           I           I           I      Pid 13           O           O           O           O
        2624           I           I           I      Pid 13           O           O           O           O
        2625           I           I           I      Pid 13           O           O           O           O
        2626           I           I           I      Pid 13           O           O           O           O
        2627           I           I           I      Pid 13           O           O           O           O
        2628           I           I           I      Pid 13           O           O           O           O
        2629           I           I           I      Pid 13           O           O           O           O
        2630           I           I           I      Pid 13           O           O           O           O
        2631           I           I           I      Pid 13           O           O           O           O
        2632           I           I           I      Pid 13           O           O           O           O
        2633           I           I           I      Pid 13           O           O           O           O
        2634           I           I           I      Pid 13           O           O           O           O
        2635           I           I           I      Pid 13           O           O           O           O
        2636           I           I           I      Pid 13           O           O           O           O
        2637           I           I           I      Pid 13           O           O           O           O
        2638           I           I           I      Pid 13           O           O           O           O
        2639           I           I           I      Pid 13           O           O           O           O
        2640           I           I           I      Pid 13           O           O           O           O
        2641           I           I           I      Pid 13           O           O           O           O
        2642           I           I           I      Pid 13           O           O           O           O
        2643           I           I           I      Pid 15           O           O           O           O
        2644           I           I           I      Pid 15           O           O           O           O
        2645           I           I           I      Pid 15           O           O           O           O
        2646           I           I           I      Pid 15           O           O           O           O
        2647           I           I           I      Pid 15           O           O           O           O
        2648           I           I           I      Pid 15           O           O           O           O
        2649           I           I           I      Pid 15           O           O           O           O
        2650           I           I           I      Pid 15           O           O           O           O
        2651           I           I           I      Pid 15           O           O           O           O
        2652           I           I           I      Pid 15           O           O           O           O
        2653           I           I           I      Pid 15           O           O           O           O
        2654           I           I           I      Pid 15           O           O           O           O
        2655           I           I           I      Pid 15           O           O           O           O
        2656           I           I           I      Pid 15           O           O           O           O
        2657           I           I           I      Pid 15           O           O           O           O
        2658           I           I           I      Pid 15           O           O           O           O
        2659           I           I           I      Pid 15           O           O           O           O
        2660           I           I           I      Pid 15           O           O           O           O
        2661           I           I           I      Pid 15           O           O           O           O
        2662           I           I           I      Pid 15           O           O           O           O
        2663           I           I           I      Pid 15           O           O           O           O
        2664           I           I           I      Pid 15           O           O           O           O
        2665           I      Pid 10           I      Pid 15           O           O           O           O
        2666           I      Pid 10           I      Pid 15           O           O           O           O
        2667           I      Pid 10           I      Pid 15           O           O           O           O
        2668           I      Pid 10           I      Pid 15           O           O           O           O
        2669           I      Pid 10           I      Pid 15           O           O           O           O
        2670           I      Pid 10           I      Pid 15           O           O           O           O
        2671           I      Pid 10           I      Pid 15           O           O           O           O
        2672           I      Pid 10           I      Pid 15           O           O           O           O
        2673           I      Pid 10           I      Pid 15           O           O           O           O
        2674           I      Pid 10           I      Pid 15           O           O           O           O
        2675           I      Pid 10           I      Pid 15           O           O           O           O
        2676           I      Pid 10           I      Pid 15           O           O           O           O
        2677           I      Pid 10           I      Pid 12           O           O           O           O
        2678           I      Pid 10           I      Pid 12           O           O           O           O
        2679           I      Pid 10           I      Pid 12           O           O           O           O
        2680           I      Pid 10           I      Pid 12           O           O           O           O
        2681           I      Pid 10           I      Pid 12           O           O           O           O
        2682           I      Pid 10           I      Pid 12           O           O           O           O
        2683           I      Pid 10           I      Pid 12           O           O           O           O
        2684           I      Pid 10           I      Pid 12           O           O           O           O
        2685           I      Pid 10           I      Pid 12           O           O           O           O
        2686           I      Pid 10           I      Pid 12           O           O           O           O
        2687           I      Pid 10           I      Pid 12           O           O           O           O
        2688           I      Pid 10           I      Pid 12           O           O           O           O
        2689           I      Pid 10           I      Pid 12           O           O           O           O
        2690           I      Pid 10           I      Pid 12           O           O           O           O
        2691           I      Pid 10           I      Pid 12           O           O           O           O
        2692           I      Pid 10           I      Pid 12           O           O           O           O
        2693           I      Pid 10           I      Pid 12           O           O           O           O
        2694           I      Pid 10           I      Pid 12           O           O           O           O
        2695           I      Pid 10           I      Pid 12           O           O           O           O
        2696           I      Pid 11           I      Pid 12           O           O           O           O
        2697           I      Pid 11           I      Pid 12           O           O           O           O
        2698           I      Pid 11           I      Pid 12           O           O           O           O
        2699           I      Pid 11           I      Pid 12           O           O           O           O
        2700           I      Pid 11           I      Pid 12           O           O           O           O
    Epoch 28      Core 0      Core 1      Core 2      Core 3      Core 4      Core 5      Core 6      Core 7
        2701           I      Pid 11           I      Pid 12           O           O           O           O
        2702           I      Pid 11           I      Pid 12           O           O           O           O
        2703           I      Pid 11           I      Pid 12           O           O           O           O
        2704           I      Pid 11           I      Pid 12           O           O           O           O
        2705           I      Pid 11           I      Pid 12           O           O           O           O
        2706           I      Pid 11           I      Pid 12           O           O           O           O
        2707           I      Pid 11           I      Pid 12           O           O           O           O
        2708           I      Pid 11           I      Pid 12           O           O           O           O
        2709           I      Pid 11           I      Pid 12           O           O           O           O
        2710           I      Pid 11           I      Pid 14           O           O           O           O
        2711           I      Pid 11           I      Pid 14           O           O           O           O
        2712           I      Pid 11           I      Pid 14           O           O           O           O
        2713           I      Pid 11           I      Pid 14           O           O           O           O
        2714           I      Pid 11           I      Pid 14           O           O           O           O
        2715           I      Pid 11           I      Pid 14           O           O           O           O
        2716           I      Pid 11           I      Pid 14           O           O           O           O
        2717           I      Pid 11           I      Pid 14           O           O           O           O
        2718           I      Pid 11           I      Pid 14           O           O           O           O
        2719           I      Pid 11           I      Pid 14           O           O           O           O
        2720           I      Pid 11           I      Pid 14           O           O           O           O
        2721           I      Pid 11           I      Pid 14           O           O           O           O
        2722           I      Pid 11           I      Pid 14           O           O           O           O
        2723           I      Pid 11           I      Pid 14           O           O           O           O
        2724           I      Pid 11           I      Pid 14           O           O           O           O
        2725           I      Pid 11           I      Pid 14           O           O           O           O
        2726           I      Pid 11           I      Pid 14           O           O           O           O
        2727           I       Pid 9           I      Pid 14           O           O           O           O
        2728           I       Pid 9           I      Pid 14           O           O           O           O
        2729           I       Pid 9           I      Pid 14           O           O           O           O
        2730           I       Pid 9           I      Pid 14           O           O           O           O
        2731           I       Pid 9           I      Pid 14           O           O           O           O
        2732           I       Pid 9           I      Pid 14           O           O           O           O
        2733           I       Pid 9           I      Pid 14           O           O           O           O
        2734           I       Pid 9           I      Pid 14           O           O           O           O
        2735           I       Pid 9           I      Pid 14           O           O           O           O
        2736           I       Pid 9           I      Pid 14           O           O           O           O
        2737           I       Pid 9           I      Pid 14           O           O           O           O
        2738           I       Pid 9           I      Pid 14           O           O           O           O
        2739           I       Pid 9           I      Pid 14           O           O           O           O
        2740           I       Pid 9           I      Pid 13           O           O           O           O
        2741           I       Pid 9           I      Pid 13           O           O           O           O
        2742           I       Pid 9           I      Pid 13           O           O           O           O
        2743           I       Pid 9           I      Pid 13           O           O           O           O
        2744           I       Pid 9           I      Pid 13           O           O           O           O
        2745           I       Pid 9           I      Pid 13           O           O           O           O
        2746           I       Pid 9           I      Pid 13           O           O           O           O
        2747           I       Pid 9           I      Pid 13           O           O           O           O
        2748           I       Pid 9           I      Pid 13           O           O           O           O
        2749           I       Pid 9           I      Pid 13           O           O           O           O
        2750           I       Pid 9           I      Pid 13           O           O           O           O
        2751           I       Pid 9           I      Pid 13           O           O           O           O
        2752           I       Pid 9           I      Pid 13           O           O           O           O
        2753           I       Pid 9           I      Pid 13           O           O           O           O
        2754           I       Pid 9           I      Pid 13           O           O           O           O
        2755           I       Pid 9           I      Pid 13           O           O           O           O
        2756           I       Pid 9           I      Pid 13           O           O           O           O
        2757           I       Pid 9           I      Pid 13           O           O           O           O
        2758           I       Pid 9           I      Pid 13           O           O           O           O
        2759           I       Pid 9           I      Pid 13           O           O           O           O
        2760           I       Pid 9           I      Pid 13           O           O           O           O
        2761           I       Pid 9           I      Pid 13           O           O           O           O
        2762           I           I           I      Pid 13           O           O           O           O
        2763           I           I           I      Pid 13           O           O           O           O
        2764           I           I           I      Pid 13           O           O           O           O
        2765           I           I           I      Pid 13           O           O           O           O
        2766           I           I           I      Pid 13           O           O           O           O
        2767           I           I           I      Pid 13           O           O           O           O
        2768           I           I           I      Pid 13           O           O           O           O
        2769           I           I           I      Pid 13           O           O           O           O
        2770           I           I           I      Pid 13           O           O           O           O
        2771           I           I           I      Pid 13           O           O           O           O
        2772           I           I           I           I           O           O           O           O
        2773           I           I           I           I           O           O           O           O
        2774           I           I           I           I           O           O           O           O
        2775           I           I           I           I           O           O           O           O
        2776           I           I           I           I           O           O           O           O
        2777           I           I           I           I           O           O           O           O
        2778           I           I           I           I           O           O           O           O
        2779           I           I           I           I           O           O           O           O
        2780           I           I           I           I           O           O           O           O
        2781           I           I           I           I           O           O           O           O
        2782           I           I           I           I           O           O           O           O
        2783           I           I           I           I           O           O           O           O
        2784           I           I           I           I           O           O           O           O
        2785           I           I           I           I           O           O           O           O
        2786           I           I           I      Pid 15           O           O           O           O
        2787           I           I           I      Pid 15           O           O           O           O
        2788           I           I           I      Pid 15           O           O           O           O
        2789           I           I           I      Pid 15           O           O           O           O
        2790           I           I           I      Pid 15           O           O           O           O
        2791           I           I           I      Pid 15           O           O           O           O
        2792           I           I           I      Pid 15           O           O           O           O
        2793           I           I           I      Pid 15           O           O           O           O
        2794           I           I           I      Pid 15           O           O           O           O
        2795           I           I           I      Pid 15           O           O           O           O
        2796           I           I           I      Pid 15           O           O           O           O
        2797           I           I           I      Pid 15           O           O           O           O
        2798           I           I           I      Pid 15           O           O           O           O
        2799           I           I           I      Pid 15           O           O           O           O
        2800           I           I           I      Pid 15           O           O           O           O
    Epoch 29      Core 0      Core 1      Core 2      Core 3      Core 4      Core 5      Core 6      Core 7
        2801           I      Pid 10           I      Pid 15           O           O           O           O
        2802           I      Pid 10           I      Pid 15           O           O           O           O
        2803           I      Pid 10           I      Pid 15           O           O           O           O
        2804           I      Pid 10           I      Pid 15           O           O           O           O
        2805           I      Pid 10           I      Pid 15           O           O           O           O
        2806           I      Pid 10           I      Pid 15           O           O           O           O
        2807           I      Pid 10           I      Pid 15           O           O           O           O
        2808           I      Pid 10           I      Pid 15           O           O           O           O
        2809           I      Pid 10           I      Pid 15           O           O           O           O
        2810           I      Pid 10           I      Pid 15           O           O           O           O
        2811           I      Pid 10           I      Pid 15           O           O           O           O
        2812           I      Pid 10           I      Pid 15           O           O           O           O
        2813           I      Pid 10           I      Pid 15           O           O           O           O
        2814           I      Pid 10           I      Pid 15           O           O           O           O
        2815           I      Pid 10           I      Pid 15           O           O           O           O
        2816           I      Pid 10           I      Pid 15           O           O           O           O
        2817           I      Pid 10           I      Pid 15           O           O           O           O
        2818           I      Pid 10           I      Pid 15           O           O           O           O
        2819           I      Pid 10           I      Pid 15           O           O           O           O
        2820           I      Pid 10           I      Pid 15           O           O           O           O
        2821           I      Pid 10           I      Pid 15           O           O           O           O
        2822           I      Pid 10           I      Pid 12           O           O           O           O
        2823           I      Pid 10           I      Pid 12           O           O           O           O
        2824           I      Pid 10           I      Pid 12           O           O           O           O
        2825           I      Pid 10           I      Pid 12           O           O           O           O
        2826           I      Pid 10           I      Pid 12           O           O           O           O
        2827           I      Pid 10           I      Pid 12           O           O           O           O
        2828           I      Pid 10           I      Pid 12           O           O           O           O
        2829           I      Pid 10           I      Pid 12           O           O           O           O
        2830           I      Pid 10           I      Pid 12           O           O           O           O
        2831           I      Pid 10           I      Pid 12           O           O           O           O
        2832           I      Pid 10           I      Pid 12           O           O           O           O
        2833           I      Pid 10           I      Pid 12           O           O           O           O
        2834           I      Pid 10           I      Pid 12           O           O           O           O
        2835           I      Pid 10           I      Pid 12           O           O           O           O
        2836           I      Pid 10           I      Pid 12           O           O           O           O
        2837           I      Pid 10           I      Pid 12           O           O           O           O
        2838           I      Pid 10           I      Pid 12           O           O           O           O
        2839           I      Pid 11           I      Pid 12           O           O           O           O
        2840           I      Pid 11           I      Pid 12           O           O           O           O
        2841           I      Pid 11           I      Pid 12           O           O           O           O
        2842           I      Pid 11           I      Pid 12           O           O           O           O
        2843           I      Pid 11           I      Pid 12           O           O           O           O
        2844           I      Pid 11           I      Pid 12           O           O           O           O
        2845           I      Pid 11           I      Pid 12           O           O           O           O
        2846           I      Pid 11           I      Pid 12           O           O           O           O
        2847           I      Pid 11           I      Pid 12           O           O           O           O
        2848           I      Pid 11           I      Pid 12           O           O           O           O
        2849           I      Pid 11           I      Pid 12           O           O           O           O
        2850           I      Pid 11           I      Pid 12           O           O           O           O
        2851           I      Pid 11           I      Pid 12           O           O           O           O
        2852           I      Pid 11           I      Pid 12           O           O           O           O
        2853           I      Pid 11           I      Pid 12           O           O           O           O
        2854           I      Pid 11           I      Pid 12           O           O           O           O
        2855           I      Pid 11           I      Pid 12           O           O           O           O
        2856           I      Pid 11           I      Pid 14           O           O           O           O
        2857           I      Pid 11           I      Pid 14           O           O           O           O
        2858           I      Pid 11           I      Pid 14           O           O           O           O
        2859           I      Pid 11           I      Pid 14           O           O           O           O
        2860           I      Pid 11           I      Pid 14           O           O           O           O
        2861           I      Pid 11           I      Pid 14           O           O           O           O
        2862           I      Pid 11           I      Pid 14           O           O           O           O
        2863           I      Pid 11           I      Pid 14           O           O           O           O
        2864           I      Pid 11           I      Pid 14           O           O           O           O
        2865           I      Pid 11           I      Pid 14           O           O           O           O
        2866           I      Pid 11           I      Pid 14           O           O           O           O
        2867           I      Pid 11           I      Pid 14           O           O           O           O
        2868           I      Pid 11           I      Pid 14           O           O           O           O
        2869           I      Pid 11           I      Pid 14           O           O           O           O
        2870           I      Pid 11           I      Pid 14           O           O           O           O
        2871           I      Pid 11           I      Pid 14           O           O           O           O
        2872           I           I           I      Pid 14           O           O           O           O
        2873           I           I           I      Pid 14           O           O           O           O
        2874           I           I           I      Pid 14           O           O           O           O
        2875           I           I           I      Pid 14           O           O           O           O
        2876           I           I           I      Pid 14           O           O           O           O
        2877           I           I           I      Pid 14           O           O           O           O
        2878           I           I           I      Pid 14           O           O           O           O
        2879           I           I           I      Pid 14           O           O           O           O
        2880           I           I           I      Pid 14           O           O           O           O
        2881           I           I           I      Pid 14           O           O           O           O
        2882           I           I           I      Pid 14           O           O           O           O
        2883           I           I           I      Pid 14           O           O           O           O
        2884           I           I           I      Pid 14           O           O           O           O
        2885           I           I           I      Pid 14           O           O           O           O
        2886           I           I           I      Pid 14           O           O           O           O
        2887           I           I           I      Pid 13           O           O           O           O
        2888           I           I           I      Pid 13           O           O           O           O
        2889           I           I           I      Pid 13           O           O           O           O
        2890           I           I           I      Pid 13           O           O           O           O
        2891           I           I           I      Pid 13           O           O           O           O
        2892           I           I           I      Pid 13           O           O           O           O
        2893           I           I           I      Pid 13           O           O           O           O
        2894           I           I           I      Pid 13           O           O           O           O
        2895           I           I           I      Pid 13           O           O           O           O
        2896           I           I           I      Pid 13           O           O           O           O
        2897           I           I           I      Pid 13           O           O           O           O
        2898           I           I           I      Pid 13           O           O           O           O
        2899           I           I           I      Pid 13           O           O           O           O
        2900           I           I           I      Pid 13           O           O           O           O
    Epoch 30      Core 0      Core 1      Core 2      Core 3      Core 4      Core 5      Core 6      Core 7
        2901           I           I           I      Pid 13           O           O           O           O
        2902           I           I           I      Pid 13           O           O           O           O
        2903           I           I           I      Pid 13           O           O           O           O
        2904           I           I           I      Pid 13           O           O           O           O
        2905           I           I           I      Pid 13           O           O           O           O
        2906           I           I           I      Pid 13           O           O           O           O
        2907           I           I           I      Pid 13           O           O           O           O
        2908           I           I           I      Pid 13           O           O           O           O
        2909           I           I           I      Pid 13           O           O           O           O
        2910           I           I           I      Pid 13           O           O           O           O
        2911           I           I           I      Pid 13           O           O           O           O
        2912           I           I           I      Pid 13           O           O           O           O
        2913           I           I           I      Pid 13           O           O           O           O
        2914           I           I           I      Pid 13           O           O           O           O
        2915           I           I           I      Pid 13           O           O           O           O
        2916           I           I           I      Pid 13           O           O           O           O
        2917           I           I           I      Pid 13           O           O           O           O
        2918           I           I           I      Pid 13           O           O           O           O
        2919           I           I           I      Pid 13           O           O           O           O
        2920           I           I           I      Pid 13           O           O           O           O
        2921           I           I           I      Pid 13           O           O           O           O
        2922           I           I           I           I           O           O           O           O
        2923           I           I           I           I           O           O           O           O
        2924           I           I           I           I           O           O           O           O
        2925           I           I           I           I           O           O           O           O
        2926           I           I           I           I           O           O           O           O
        2927           I           I           I           I           O           O           O           O
        2928           I           I           I           I           O           O           O           O
        2929           I           I           I           I           O           O           O           O
        2930           I           I           I           I           O           O           O           O
        2931           I           I           I      Pid 15           O           O           O           O
        2932           I           I           I      Pid 15           O           O           O           O
        2933           I           I           I      Pid 15           O           O           O           O
        2934           I           I           I      Pid 15           O           O           O           O
        2935           I           I           I      Pid 15           O           O           O           O
        2936           I           I           I      Pid 15           O           O           O           O
        2937           I           I           I      Pid 15           O           O           O           O
        2938           I           I           I      Pid 15           O           O           O           O
        2939           I           I           I      Pid 15           O           O           O           O
        2940           I           I           I      Pid 15           O           O           O           O
        2941           I           I           I      Pid 15           O           O           O           O
        2942           I           I           I      Pid 15           O           O           O           O
        2943           I           I           I      Pid 15           O           O           O           O
        2944           I           I           I      Pid 15           O           O           O           O
        2945           I           I           I      Pid 15           O           O           O           O
        2946           I           I           I      Pid 15           O           O           O           O
        2947           I           I           I      Pid 15           O           O           O           O
        2948           I      Pid 10           I      Pid 15           O           O           O           O
        2949           I      Pid 10           I      Pid 15           O           O           O           O
        2950           I      Pid 10           I      Pid 15           O           O           O           O
        2951           I      Pid 10           I      Pid 15           O           O           O           O
        2952           I      Pid 10           I      Pid 15           O           O           O           O
        2953           I      Pid 10           I      Pid 15           O           O           O           O
        2954           I      Pid 10           I      Pid 15           O           O           O           O
        2955           I      Pid 10           I      Pid 15           O           O           O           O
        2956           I      Pid 10           I      Pid 15           O           O           O           O
        2957           I      Pid 10           I      Pid 15           O           O           O           O
        2958           I      Pid 10           I      Pid 15           O           O           O           O
        2959           I      Pid 10           I      Pid 15           O           O           O           O
        2960           I      Pid 10           I      Pid 15           O           O           O           O
        2961           I      Pid 10           I           I           O           O           O           O
        2962           I      Pid 10           I           I           O           O           O           O
        2963           I      Pid 10           I           I           O           O           O           O
        2964           I      Pid 10           I           I           O           O           O           O
        2965           I      Pid 10           I           I           O           O           O           O
        2966           I      Pid 10           I           I           O           O           O           O
        2967           I      Pid 10           I           I           O           O           O           O
        2968           I      Pid 10           I           I           O           O           O           O
        2969           I      Pid 10           I           I           O           O           O           O
        2970           I      Pid 10           I           I           O           O           O           O
        2971           I      Pid 10           I           I           O           O           O           O
        2972           I      Pid 10           I           I           O           O           O           O
        2973           I      Pid 10           I           I           O           O           O           O
        2974           I      Pid 10           I      Pid 12           O           O           O           O
        2975           I      Pid 10           I      Pid 12           O           O           O           O
        2976           I      Pid 10           I      Pid 12           O           O           O           O
        2977           I      Pid 10           I      Pid 12           O           O           O           O
        2978           I      Pid 10           I      Pid 12           O           O           O           O
        2979           I      Pid 10           I      Pid 12           O           O           O           O
        2980           I      Pid 10           I      Pid 12           O           O           O           O
        2981           I      Pid 10           I      Pid 12           O           O           O           O
        2982           I      Pid 10           I      Pid 12           O           O           O           O
        2983           I      Pid 10           I      Pid 12           O           O           O           O
        2984           I      Pid 10           I      Pid 12           O           O           O           O
        2985           I      Pid 10           I      Pid 12           O           O           O           O
        2986           I      Pid 11           I      Pid 12           O           O           O           O
        2987           I      Pid 11           I      Pid 12           O           O           O           O
        2988           I      Pid 11           I      Pid 12           O           O           O           O
        2989           I      Pid 11           I      Pid 12           O           O           O           O
        2990           I      Pid 11           I      Pid 12           O           O           O           O
        2991           I      Pid 11           I      Pid 12           O           O           O           O
        2992           I      Pid 11           I      Pid 12           O           O           O           O
        2993           I      Pid 11           I      Pid 12           O           O           O           O
        2994           I      Pid 11           I      Pid 12           O           O           O           O
        2995           I      Pid 11           I      Pid 12           O           O           O           O
        2996           I      Pid 11           I      Pid 12           O           O           O           O
        2997           I      Pid 11           I      Pid 12           O           O           O           O
        2998           I      Pid 11           I      Pid 12           O           O           O           O
        2999           I      Pid 11           I      Pid 12           O           O           O           O
        3000           I      Pid 11           I      Pid 12           O           O           O           O
    Epoch 31      Core 0      Core 1      Core 2      Core 3      Core 4      Core 5      Core 6      Core 7
        3001           I      Pid 11           I      Pid 12           O           O           O           O
        3002           I      Pid 11           I      Pid 12           O           O           O           O
        3003           I      Pid 11           I      Pid 12           O           O           O           O
        3004           I      Pid 11           I      Pid 12           O           O           O           O
        3005           I      Pid 11           I      Pid 12           O           O           O           O
        3006           I      Pid 11           I      Pid 12           O           O           O           O
        3007           I      Pid 11           I      Pid 12           O           O           O           O
        3008           I      Pid 11           I      Pid 14           O           O           O           O
        3009           I      Pid 11           I      Pid 14           O           O           O           O
        3010           I      Pid 11           I      Pid 14           O           O           O           O
        3011           I      Pid 11           I      Pid 14           O           O           O           O
        3012           I      Pid 11           I      Pid 14           O           O           O           O
        3013           I      Pid 11           I      Pid 14           O           O           O           O
        3014           I      Pid 11           I      Pid 14           O           O           O           O
        3015           I      Pid 11           I      Pid 14           O           O           O           O
        3016           I      Pid 11           I      Pid 14           O           O           O           O
        3017           I      Pid 11           I      Pid 14           O           O           O           O
        3018           I      Pid 11           I      Pid 14           O           O           O           O
        3019           I      Pid 11           I      Pid 14           O           O           O           O
        3020           I      Pid 11           I      Pid 14           O           O           O           O
        3021           I      Pid 11           I      Pid 14           O           O           O           O
        3022           I      Pid 11           I      Pid 14           O           O           O           O
        3023           I      Pid 11           I      Pid 14           O           O           O           O
        3024           I      Pid 11           I      Pid 14           O           O           O           O
        3025           I           I           I      Pid 14           O           O           O           O
        3026           I           I           I      Pid 14           O           O           O           O
        3027           I           I           I      Pid 14           O           O           O           O
        3028           I           I           I      Pid 14           O           O           O           O
        3029           I           I           I      Pid 14           O           O           O           O
        3030           I           I           I      Pid 14           O           O           O           O
        3031           I           I           I      Pid 14           O           O           O           O
        3032           I           I           I      Pid 14           O           O           O           O
        3033           I           I           I      Pid 14           O           O           O           O
        3034           I           I           I      Pid 14           O           O           O           O
        3035           I           I           I      Pid 14           O           O           O           O
        3036           I           I           I      Pid 14           O           O           O           O
        3037           I           I           I      Pid 14           O           O           O           O
        3038           I           I           I      Pid 14           O           O           O           O
        3039           I           I           I      Pid 14           O           O           O           O
        3040           I           I           I      Pid 14           O           O           O           O
        3041           I           I           I      Pid 14           O           O           O           O
        3042           I           I           I      Pid 14           O           O           O           O
        3043           I           I           I      Pid 14           O           O           O           O
        3044           I           I           I      Pid 14           O           O           O           O
        3045           I           I           I      Pid 14           O           O           O           O
        3046           I           I           I      Pid 13           O           O           O           O
        3047           I           I           I      Pid 13           O           O           O           O
        3048           I           I           I      Pid 13           O           O           O           O
        3049           I           I           I      Pid 13           O           O           O           O
        3050           I           I           I      Pid 13           O           O           O           O
        3051           I           I           I      Pid 13           O           O           O           O
        3052           I           I           I      Pid 13           O           O           O           O
        3053           I           I           I      Pid 13           O           O           O           O
        3054           I           I           I      Pid 13           O           O           O           O
        3055           I           I           I      Pid 13           O           O           O           O
        3056           I           I           I      Pid 13           O           O           O           O
        3057           I           I           I      Pid 13           O           O           O           O
        3058           I           I           I      Pid 13           O           O           O           O
        3059           I           I           I      Pid 13           O           O           O           O
        3060           I           I           I      Pid 13           O           O           O           O
        3061           I           I           I      Pid 13           O           O           O           O
        3062           I           I           I      Pid 13           O           O           O           O
        3063           I           I           I      Pid 13           O           O           O           O
        3064           I           I           I      Pid 13           O           O           O           O
        3065           I           I           I      Pid 13           O           O           O           O
        3066           I           I           I      Pid 13           O           O           O           O
        3067           I           I           I      Pid 13           O           O           O           O
        3068           I           I           I      Pid 13           O           O           O           O
        3069           I           I           I      Pid 13           O           O           O           O
        3070           I           I           I      Pid 13           O           O           O           O
        3071           I           I           I      Pid 13           O           O           O           O
        3072           I           I           I      Pid 13           O           O           O           O
        3073           I           I           I      Pid 13           O           O           O           O
        3074           I           I           I      Pid 13           O           O           O           O
        3075           I           I           I      Pid 13           O           O           O           O
        3076           I           I           I      Pid 13           O           O           O           O
        3077           I           I           I      Pid 13           O           O           O           O
        3078           I           I           I      Pid 13           O           O           O           O
        3079           I           I           I      Pid 15           O           O           O           O
        3080           I           I           I      Pid 15           O           O           O           O
        3081           I           I           I      Pid 15           O           O           O           O
        3082           I           I           I      Pid 15           O           O           O           O
        3083           I           I           I      Pid 15           O           O           O           O
        3084           I           I           I      Pid 15           O           O           O           O
        3085           I           I           I      Pid 15           O           O           O           O
        3086           I           I           I      Pid 15           O           O           O           O
        3087           I           I           I      Pid 15           O           O           O           O
        3088           I           I           I      Pid 15           O           O           O           O
        3089           I           I           I      Pid 15           O           O           O           O
        3090           I           I           I      Pid 15           O           O           O           O
        3091           I           I           I      Pid 15           O           O           O           O
        3092           I           I           I      Pid 15           O           O           O           O
        3093           I           I           I      Pid 15           O           O           O           O
        3094           I           I           I      Pid 15           O           O           O           O
        3095           I           I           I      Pid 15           O           O           O           O
        3096           I           I           I      Pid 15           O           O           O           O
        3097           I           I           I      Pid 15           O           O           O           O
        3098           I           I           I      Pid 15           O           O           O           O
        3099           I           I           I      Pid 15           O           O           O           O
        3100           I           I           I      Pid 15           O           O           O           O
    Epoch 32      Core 0      Core 1      Core 2      Core 3      Core 4      Core 5      Core 6      Core 7
        3101           I           I           I      Pid 15           O           O           O           O
        3102           I           I           I      Pid 15           O           O           O           O
        3103           I           I           I      Pid 15           O           O           O           O
        3104           I           I           I      Pid 15           O           O           O           O
        3105           I           I           I      Pid 15           O           O           O           O
        3106           I           I           I      Pid 15           O           O           O           O
        3107           I           I           I      Pid 15           O           O           O           O
        3108           I           I           I      Pid 15           O           O           O           O
        3109           I           I           I      Pid 15           O           O           O           O
        3110           I           I           I      Pid 15           O           O           O           O
        3111           I           I           I      Pid 15           O           O           O           O
        3112           I           I           I      Pid 15           O           O           O           O
        3113           I           I           I           I           O           O           O           O
        3114           I           I           I           I           O           O           O           O
        3115           I           I           I           I           O           O           O           O
        3116           I           I           I           I           O           O           O           O
        3117           I           I           I           I           O           O           O           O
        3118           I           I           I           I           O           O           O           O
        3119           I           I           I           I           O           O           O           O
        3120           I           I           I           I           O           O           O           O
        3121           I           I           I           I           O           O           O           O
        3122           I           I           I           I           O           O           O           O
        3123           I           I           I           I           O           O           O           O
        3124           I           I           I      Pid 12           O           O           O           O
        3125           I           I           I      Pid 12           O           O           O           O
        3126           I           I           I      Pid 12           O           O           O           O
        3127           I           I           I      Pid 12           O           O           O           O
        3128           I           I           I      Pid 12           O           O           O           O
        3129           I           I           I      Pid 12           O           O           O           O
        3130           I           I           I      Pid 12           O           O           O           O
        3131           I           I           I      Pid 12           O           O           O           O
        3132           I           I           I      Pid 12           O           O           O           O
        3133           I           I           I      Pid 12           O           O           O           O
        3134           I           I           I      Pid 12           O           O           O           O
        3135           I           I           I      Pid 12           O           O           O           O
        3136           I           I           I      Pid 12           O           O           O           O
        3137           I           I           I      Pid 12           O           O           O           O
        3138           I           I           I      Pid 12           O           O           O           O
        3139           I           I           I      Pid 12           O           O           O           O
        3140           I           I           I      Pid 12           O           O           O           O
        3141           I           I           I      Pid 12           O           O           O           O
        3142           I           I           I      Pid 12           O           O           O           O
        3143           I           I           I      Pid 12           O           O           O           O
        3144           I           I           I      Pid 12           O           O           O           O
        3145           I           I           I      Pid 12           O           O           O           O
        3146           I           I           I      Pid 12           O           O           O           O
        3147           I           I           I      Pid 12           O           O           O           O
        3148           I           I           I      Pid 12           O           O           O           O
        3149           I           I           I      Pid 12           O           O           O           O
        3150           I           I           I      Pid 12           O           O           O           O
        3151           I           I           I      Pid 12           O           O           O           O
        3152           I           I           I      Pid 12           O           O           O           O
        3153           I           I           I      Pid 12           O           O           O           O
        3154           I           I           I      Pid 12           O           O           O           O
        3155           I           I           I      Pid 12           O           O           O           O
        3156           I           I           I      Pid 12           O           O           O           O
        3157           I           I           I           I           O           O           O           O
        3158           I           I           I           I           O           O           O           O
        3159           I           I           I           I           O           O           O           O
        3160           I           I           I           I           O           O           O           O
        3161           I           I           I           I           O           O           O           O
        3162           I           I           I           I           O           O           O           O
        3163           I           I           I           I           O           O           O           O
        3164           I           I           I      Pid 14           O           O           O           O
        3165           I           I           I      Pid 14           O           O           O           O
        3166           I           I           I      Pid 14           O           O           O           O
        3167           I           I           I      Pid 14           O           O           O           O
        3168           I           I           I      Pid 14           O           O           O           O
        3169           I           I           I      Pid 14           O           O           O           O
        3170           I           I           I      Pid 14           O           O           O           O
        3171           I           I           I      Pid 14           O           O           O           O
        3172           I           I           I      Pid 14           O           O           O           O
        3173           I           I           I      Pid 14           O           O           O           O
        3174           I           I           I      Pid 14           O           O           O           O
        3175           I           I           I      Pid 14           O           O           O           O
        3176           I           I           I      Pid 14           O           O           O           O
        3177           I           I           I      Pid 14           O           O           O           O
        3178           I           I           I      Pid 14           O           O           O           O
        3179           I           I           I      Pid 14           O           O           O           O
        3180           I           I           I      Pid 14           O           O           O           O
        3181           I           I           I      Pid 14           O           O           O           O
        3182           I           I           I      Pid 14           O           O           O           O
        3183           I           I           I      Pid 14           O           O           O           O
        3184           I           I           I      Pid 14           O           O           O           O
        3185           I           I           I      Pid 14           O           O           O           O
        3186           I           I           I      Pid 14           O           O           O           O
        3187           I           I           I      Pid 14           O           O           O           O
        3188           I           I           I      Pid 14           O           O           O           O
        3189           I           I           I      Pid 14           O           O           O           O
        3190           I           I           I      Pid 14           O           O           O           O
        3191           I           I           I      Pid 14           O           O           O           O
        3192           I           I           I      Pid 14           O           O           O           O
        3193           I           I           I      Pid 14           O           O           O           O
        3194           I           I           I      Pid 14           O           O           O           O
        3195           I           I           I      Pid 14           O           O           O           O
        3196           I           I           I      Pid 14           O           O           O           O
        3197           I           I           I           I           O           O           O           O
        3198           I           I           I           I           O           O           O           O
        3199           I           I           I           I           O           O           O           O
        3200           I           I           I           I           O           O           O           O
    Epoch 33      Core 0      Core 1      Core 2      Core 3      Core 4      Core 5      Core 6      Core 7
        3201           I           I           I           I           O           O           O           O
        3202           I           I           I           I           O           O           O           O
        3203           I           I           I           I           O           O           O           O
        3204           I           I           I           I           O           O           O           O
        3205           I           I           I      Pid 13           O           O           O           O
        3206           I           I           I      Pid 13           O           O           O           O
        3207           I           I           I      Pid 13           O           O           O           O
        3208           I           I           I      Pid 13           O           O           O           O
        3209           I           I           I      Pid 13           O           O           O           O
        3210           I           I           I      Pid 13           O           O           O           O
        3211           I           I           I      Pid 13           O           O           O           O
        3212           I           I           I      Pid 13           O           O           O           O
        3213           I           I           I      Pid 13           O           O           O           O
        3214           I           I           I      Pid 13           O           O           O           O
        3215           I           I           I      Pid 13           O           O           O           O
        3216           I           I           I      Pid 13           O           O           O           O
        3217           I           I           I      Pid 13           O           O           O           O
        3218           I           I           I      Pid 13           O           O           O           O
        3219           I           I           I      Pid 13           O           O           O           O
        3220           I           I           I      Pid 13           O           O           O           O
        3221           I           I           I      Pid 13           O           O           O           O
        3222           I           I           I      Pid 13           O           O           O           O
        3223           I           I           I      Pid 13           O           O           O           O
        3224           I           I           I      Pid 13           O           O           O           O
        3225           I           I           I      Pid 13           O           O           O           O
        3226           I           I           I      Pid 13           O           O           O           O
        3227           I           I           I      Pid 13           O           O           O           O
        3228           I           I           I      Pid 13           O           O           O           O
        3229           I           I           I      Pid 13           O           O           O           O
        3230           I           I           I      Pid 13           O           O           O           O
        3231           I           I           I      Pid 13           O           O           O           O
        3232           I           I           I      Pid 13           O           O           O           O
        3233           I           I           I      Pid 13           O           O           O           O
        3234           I           I           I      Pid 13           O           O           O           O
        3235           I           I           I      Pid 13           O           O           O           O
        3236           I           I           I      Pid 13           O           O           O           O
        3237           I           I           I      Pid 13           O           O           O           O
        3238           I           I           I      Pid 13           O           O           O           O
        3239           I           I           I      Pid 13           O           O           O           O
        3240           I           I           I      Pid 15           O           O           O           O
        3241           I           I           I      Pid 15           O           O           O           O
        3242           I           I           I      Pid 15           O           O           O           O
        3243           I           I           I      Pid 15           O           O           O           O
        3244           I           I           I      Pid 15           O           O           O           O
        3245           I           I           I      Pid 15           O           O           O           O
        3246           I           I           I      Pid 15           O           O           O           O
        3247           I           I           I      Pid 15           O           O           O           O
        3248           I           I           I      Pid 15           O           O           O           O
        3249           I           I           I      Pid 15           O           O           O           O
        3250           I           I           I      Pid 15           O           O           O           O
        3251           I           I           I      Pid 15           O           O           O           O
        3252           I           I           I      Pid 15           O           O           O           O
        3253           I           I           I      Pid 15           O           O           O           O
        3254           I           I           I      Pid 15           O           O           O           O
        3255           I           I           I      Pid 15           O           O           O           O
        3256           I           I           I      Pid 15           O           O           O           O
        3257           I           I           I      Pid 15           O           O           O           O
        3258           I           I           I      Pid 15           O           O           O           O
        3259           I           I           I      Pid 15           O           O           O           O
        3260           I           I           I      Pid 15           O           O           O           O
        3261           I           I           I      Pid 15           O           O           O           O
        3262           I           I           I      Pid 15           O           O           O           O
        3263           I           I           I      Pid 15           O           O           O           O
        3264           I           I           I      Pid 15           O           O           O           O
        3265           I           I           I      Pid 15           O           O           O           O
        3266           I           I           I      Pid 15           O           O           O           O
        3267           I           I           I      Pid 15           O           O           O           O
        3268           I           I           I      Pid 15           O           O           O           O
        3269           I           I           I      Pid 15           O           O           O           O
        3270           I           I           I      Pid 15           O           O           O           O
        3271           I           I           I           I           O           O           O           O
        3272           I           I           I           I           O           O           O           O
        3273           I           I           I           I           O           O           O           O
        3274           I           I           I           I           O           O           O           O
        3275           I           I           I           I           O           O           O           O
        3276           I           I           I           I           O           O           O           O
        3277           I           I           I           I           O           O           O           O
        3278           I           I           I           I           O           O           O           O
        3279           I           I           I           I           O           O           O           O
        3280           I           I           I           I           O           O           O           O
        3281           I           I           I           I           O           O           O           O
        3282           I           I           I           I           O           O           O           O
        3283           I           I           I           I           O           O           O           O
        3284           I           I           I           I           O           O           O           O
        3285           I           I           I           I           O           O           O           O
        3286           I           I           I           I           O           O           O           O
        3287           I           I           I           I           O           O           O           O
        3288           I           I           I           I           O           O           O           O
        3289           I           I           I           I           O           O           O           O
        3290           I           I           I           I           O           O           O           O
        3291           I           I           I           I           O           O           O           O
        3292           I           I           I           I           O           O           O           O
        3293           I           I           I           I           O           O           O           O
        3294           I           I           I           I           O           O           O           O
        3295           I           I           I           I           O           O           O           O
        3296           I           I           I           I           O           O           O           O
        3297           I           I           I           I           O           O           O           O
        3298           I           I           I           I           O           O           O           O
        3299           I           I           I           I           O           O           O           O
        3300           I           I           I           I           O           O           O           O
    Epoch 34      Core 0      Core 1      Core 2      Core 3      Core 4      Core 5      Core 6      Core 7
        3301           I           I           I           I           O           O           O           O
        3302           I           I           I           I           O           O           O           O
        3303           I           I           I           I           O           O           O           O
        3304           I           I           I           I           O           O           O           O
        3305           I           I           I           I           O           O           O           O
        3306           I           I           I           I           O           O           O           O
        3307           I           I           I           I           O           O           O           O
        3308           I           I           I           I           O           O           O           O
        3309           I           I           I           I           O           O           O           O
        3310           I           I           I           I           O           O           O           O
        3311           I           I           I           I           O           O           O           O
        3312           I           I           I      Pid 14           O           O           O           O
        3313           I           I           I      Pid 14           O           O           O           O
        3314           I           I           I      Pid 14           O           O           O           O
        3315           I           I           I      Pid 14           O           O           O           O
        3316           I           I           I      Pid 14           O           O           O           O
        3317           I           I           I      Pid 14           O           O           O           O
        3318           I           I           I      Pid 14           O           O           O           O
        3319           I           I           I      Pid 14           O           O           O           O
        3320           I           I           I      Pid 14           O           O           O           O
        3321           I           I           I      Pid 14           O           O           O           O
        3322           I           I           I      Pid 14           O           O           O           O
        3323           I           I           I      Pid 14           O           O           O           O
        3324           I           I           I      Pid 14           O           O           O           O
        3325           I           I           I      Pid 14           O           O           O           O
        3326           I           I           I      Pid 14           O           O           O           O
        3327           I           I           I      Pid 14           O           O           O           O
        3328           I           I           I      Pid 14           O           O           O           O
        3329           I           I           I      Pid 14           O           O           O           O
        3330           I           I           I      Pid 14           O           O           O           O
        3331           I           I           I      Pid 14           O           O           O           O
        3332           I           I           I      Pid 14           O           O           O           O
        3333           I           I           I      Pid 14           O           O           O           O
        3334           I           I           I      Pid 14           O           O           O           O
        3335           I           I           I      Pid 14           O           O           O           O
        3336           I           I           I      Pid 14           O           O           O           O
        3337           I           I           I      Pid 14           O           O           O           O
        3338           I           I           I      Pid 14           O           O           O           O
        3339           I           I           I      Pid 14           O           O           O           O
        3340           I           I           I      Pid 14           O           O           O           O
        3341           I           I           I      Pid 14           O           O           O           O
        3342           I           I           I      Pid 14           O           O           O           O
        3343           I           I           I      Pid 14           O           O           O           O
        3344           I           I           I      Pid 14           O           O           O           O
        3345           I           I           I      Pid 14           O           O           O           O
        3346           I           I           I      Pid 14           O           O           O           O
        3347           I           I           I           I           O           O           O           O
        3348           I           I           I           I           O           O           O           O
        3349           I           I           I           I           O           O           O           O
        3350           I           I           I           I           O           O           O           O
        3351           I           I           I           I           O           O           O           O
        3352           I           I           I           I           O           O           O           O
        3353           I           I           I           I           O           O           O           O
        3354           I           I           I           I           O           O           O           O
        3355           I           I           I           I           O           O           O           O
        3356           I           I           I           I           O           O           O           O
        3357           I           I           I           I           O           O           O           O
        3358           I           I           I           I           O           O           O           O
        3359           I           I           I           I           O           O           O           O
        3360           I           I           I           I           O           O           O           O
        3361           I           I           I           I           O           O           O           O
        3362           I           I           I           I           O           O           O           O
        3363           I           I           I           I           O           O           O           O
        3364           I           I           I           I           O           O           O           O
        3365           I           I           I           I           O           O           O           O
        3366           I           I           I           I           O           O           O           O
        3367           I           I           I           I           O           O           O           O
        3368           I           I           I           I           O           O           O           O
        3369           I           I           I           I           O           O           O           O
        3370           I           I           I           I           O           O           O           O
        3371           I           I           I           I           O           O           O           O
        3372           I           I           I      Pid 15           O           O           O           O
        3373           I           I           I      Pid 15           O           O           O           O
        3374           I           I           I      Pid 15           O           O           O           O
        3375           I           I           I      Pid 15           O           O           O           O
        3376           I           I           I      Pid 15           O           O           O           O
        3377           I           I           I      Pid 15           O           O           O           O
        3378           I           I           I      Pid 15           O           O           O           O
        3379           I           I           I      Pid 15           O           O           O           O
        3380           I           I           I      Pid 15           O           O           O           O
        3381           I           I           I      Pid 15           O           O           O           O
        3382           I           I           I      Pid 15           O           O           O           O
        3383           I           I           I      Pid 15           O           O           O           O
        3384           I           I           I      Pid 15           O           O           O           O
        3385           I           I           I      Pid 15           O           O           O           O
        3386           I           I           I      Pid 15           O           O           O           O
        3387           I           I           I      Pid 15           O           O           O           O
        3388           I           I           I      Pid 15           O           O           O           O
        3389           I           I           I      Pid 15           O           O           O           O
        3390           I           I           I      Pid 15           O           O           O           O
        3391           I           I           I      Pid 15           O           O           O           O
        3392           I           I           I      Pid 15           O           O           O           O
        3393           I           I           I      Pid 15           O           O           O           O
        3394           I           I           I      Pid 15           O           O           O           O
        3395           I           I           I      Pid 15           O           O           O           O
        3396           I           I           I      Pid 15           O           O           O           O
        3397           I           I           I      Pid 15           O           O           O           O
        3398           I           I           I      Pid 15           O           O           O           O
        3399           I           I           I      Pid 15           O           O           O           O
        3400           I           I           I      Pid 15           O           O           O           O
    Epoch 35      Core 0      Core 1      Core 2      Core 3      Core 4      Core 5      Core 6      Core 7
        3401           I           I           I      Pid 15           O           O           O           O
        3402           I           I           I      Pid 15           O           O           O           O
        3403           I           I           I      Pid 15           O           O           O           O
        3404           I           I           I      Pid 15           O           O           O           O
        3405           I           I           I      Pid 15           O           O           O           O
        3406           I           I           I      Pid 15           O           O           O           O
        3407           I           I           I      Pid 15           O           O           O           O
        3408           I           I           I           I           O           O           O           O
        3409           I           I           I           I           O           O           O           O
        3410           I           I           I           I           O           O           O           O
        3411           I           I           I           I           O           O           O           O
        3412           I           I           I           I           O           O           O           O
        3413           I           I           I           I           O           O           O           O
        3414           I           I           I           I           O           O           O           O
        3415           I           I           I           I           O           O           O           O
        3416           I           I           I           I           O           O           O           O
        3417           I           I           I           I           O           O           O           O
        3418           I           I           I           I           O           O           O           O
        3419           I           I           I           I           O           O           O           O
        3420           I           I           I           I           O           O           O           O
        3421           I           I           I           I           O           O           O           O
        3422           I           I           I           I           O           O           O           O
        3423           I           I           I           I           O           O           O           O
        3424           I           I           I           I           O           O           O           O
        3425           I           I           I           I           O           O           O           O
        3426           I           I           I           I           O           O           O           O
        3427           I           I           I           I           O           O           O           O
        3428           I           I           I           I           O           O           O           O
        3429           I           I           I           I           O           O           O           O
        3430           I           I           I           I           O           O           O           O
        3431           I           I           I           I           O           O           O           O
        3432           I           I           I           I           O           O           O           O
        3433           I           I           I           I           O           O           O           O
        3434           I           I           I           I           O           O           O           O
        3435           I           I           I           I           O           O           O           O
        3436           I           I           I           I           O           O           O           O
        3437           I           I           I           I           O           O           O           O
        3438           I           I           I           I           O           O           O           O
        3439           I           I           I           I           O           O           O           O
        3440           I           I           I           I           O           O           O           O
        3441           I           I           I           I           O           O           O           O
        3442           I           I           I           I           O           O           O           O
        3443           I           I           I           I           O           O           O           O
        3444           I           I           I           I           O           O           O           O
        3445           I           I           I           I           O           O           O           O
        3446           I           I           I           I           O           O           O           O
        3447           I           I           I           I           O           O           O           O
        3448           I           I           I           I           O           O           O           O
        3449           I           I           I           I           O           O           O           O
        3450           I           I           I           I           O           O           O           O
        3451           I           I           I           I           O           O           O           O
        3452           I           I           I           I           O           O           O           O
        3453           I           I           I           I           O           O           O           O
        3454           I           I           I      Pid 14           O           O           O           O
        3455           I           I           I      Pid 14           O           O           O           O
        3456           I           I           I      Pid 14           O           O           O           O
        3457           I           I           I      Pid 14           O           O           O           O
        3458           I           I           I      Pid 14           O           O           O           O
        3459           I           I           I      Pid 14           O           O           O           O
        3460           I           I           I      Pid 14           O           O           O           O
        3461           I           I           I      Pid 14           O           O           O           O
        3462           I           I           I      Pid 14           O           O           O           O
        3463           I           I           I      Pid 14           O           O           O           O
        3464           I           I           I      Pid 14           O           O           O           O
        3465           I           I           I      Pid 14           O           O           O           O
        3466           I           I           I      Pid 14           O           O           O           O
        3467           I           I           I      Pid 14           O           O           O           O
        3468           I           I           I      Pid 14           O           O           O           O
        3469           I           I           I      Pid 14           O           O           O           O
        3470           I           I           I      Pid 14           O           O           O           O
        3471           I           I           I      Pid 14           O           O           O           O
        3472           I           I           I      Pid 14           O           O           O           O
        3473           I           I           I      Pid 14           O           O           O           O
        3474           I           I           I      Pid 14           O           O           O           O
        3475           I           I           I      Pid 14           O           O           O           O
        3476           I           I           I      Pid 14           O           O           O           O
        3477           I           I           I      Pid 14           O           O           O           O
        3478           I           I           I      Pid 14           O           O           O           O
        3479           I           I           I      Pid 14           O           O           O           O
        3480           I           I           I      Pid 14           O           O           O           O
        3481           I           I           I      Pid 14           O           O           O           O
        3482           I           I           I      Pid 14           O           O           O           O
        3483           I           I           I      Pid 14           O           O           O           O
        3484           I           I           I      Pid 14           O           O           O           O
        3485           I           I           I           I           O           O           O           O
        3486           I           I           I           I           O           O           O           O
        3487           I           I           I           I           O           O           O           O
        3488           I           I           I           I           O           O           O           O
        3489           I           I           I           I           O           O           O           O
        3490           I           I           I           I           O           O           O           O
        3491           I           I           I           I           O           O           O           O
        3492           I           I           I           I           O           O           O           O
        3493           I           I           I           I           O           O           O           O
        3494           I           I           I           I           O           O           O           O
        3495           I           I           I           I           O           O           O           O
        3496           I           I           I           I           O           O           O           O
        3497           I           I           I           I           O           O           O           O
        3498           I           I           I           I           O           O           O           O
        3499           I           I           I           I           O           O           O           O
        3500           I           I           I           I           O           O           O           O
    Epoch 36      Core 0      Core 1      Core 2      Core 3      Core 4      Core 5      Core 6      Core 7
        3501           I           I           I           I           O           O           O           O
        3502           I           I           I           I           O           O           O           O
        3503           I           I           I           I           O           O           O           O
        3504           I           I           I           I           O           O           O           O
        3505           I           I           I      Pid 15           O           O           O           O
        3506           I           I           I      Pid 15           O           O           O           O
        3507           I           I           I      Pid 15           O           O           O           O
        3508           I           I           I      Pid 15           O           O           O           O
        3509           I           I           I      Pid 15           O           O           O           O
        3510           I           I           I      Pid 15           O           O           O           O
        3511           I           I           I      Pid 15           O           O           O           O
        3512           I           I           I      Pid 15           O           O           O           O
        3513           I           I           I      Pid 15           O           O           O           O
        3514           I           I           I      Pid 15           O           O           O           O
        3515           I           I           I      Pid 15           O           O           O           O
        3516           I           I           I      Pid 15           O           O           O           O
        3517           I           I           I      Pid 15           O           O           O           O
        3518           I           I           I      Pid 15           O           O           O           O
        3519           I           I           I      Pid 15           O           O           O           O
        3520           I           I           I      Pid 15           O           O           O           O
        3521           I           I           I      Pid 15           O           O           O           O
        3522           I           I           I      Pid 15           O           O           O           O
        3523           I           I           I      Pid 15           O           O           O           O
        3524           I           I           I      Pid 15           O           O           O           O
        3525           I           I           I      Pid 15           O           O           O           O
        3526           I           I           I      Pid 15           O           O           O           O
        3527           I           I           I      Pid 15           O           O           O           O
        3528           I           I           I      Pid 15           O           O           O           O
        3529           I           I           I      Pid 15           O           O           O           O
        3530           I           I           I      Pid 15           O           O           O           O
        3531           I           I           I      Pid 15           O           O           O           O
        3532           I           I           I      Pid 15           O           O           O           O
        3533           I           I           I      Pid 15           O           O           O           O
        3534           I           I           I      Pid 15           O           O           O           O
        3535           I           I           I      Pid 15           O           O           O           O
        3536           I           I           I      Pid 15           O           O           O           O
        3537           I           I           I      Pid 15           O           O           O           O
        3538           I           I           I      Pid 15           O           O           O           O
        3539           I           I           I      Pid 15           O           O           O           O
        3540           I           I           I      Pid 15           O           O           O           O
        3541           I           I           I      Pid 15           O           O           O           O
        3542           I           I           I           I           O           O           O           O
        3543           I           I           I           I           O           O           O           O
        3544           I           I           I           I           O           O           O           O
        3545           I           I           I           I           O           O           O           O
        3546           I           I           I           I           O           O           O           O
        3547           I           I           I           I           O           O           O           O
        3548           I           I           I           I           O           O           O           O
        3549           I           I           I           I           O           O           O           O
        3550           I           I           I           I           O           O           O           O
        3551           I           I           I           I           O           O           O           O
        3552           I           I           I           I           O           O           O           O
        3553           I           I           I           I           O           O           O           O
        3554           I           I           I           I           O           O           O           O
        3555           I           I           I           I           O           O           O           O
        3556           I           I           I           I           O           O           O           O
        3557           I           I           I           I           O           O           O           O
        3558           I           I           I           I           O           O           O           O
        3559           I           I           I           I           O           O           O           O
        3560           I           I           I           I           O           O           O           O
        3561           I           I           I           I           O           O           O           O
        3562           I           I           I           I           O           O           O           O
        3563           I           I           I           I           O           O           O           O
        3564           I           I           I           I           O           O           O           O
        3565           I           I           I           I           O           O           O           O
        3566           I           I           I           I           O           O           O           O
        3567           I           I           I           I           O           O           O           O
        3568           I           I           I           I           O           O           O           O
        3569           I           I           I           I           O           O           O           O
        3570           I           I           I           I           O           O           O           O
        3571           I           I           I           I           O           O           O           O
        3572           I           I           I           I           O           O           O           O
        3573           I           I           I           I           O           O           O           O
        3574           I           I           I           I           O           O           O           O
        3575           I           I           I           I           O           O           O           O
        3576           I           I           I           I           O           O           O           O
        3577           I           I           I           I           O           O           O           O
        3578           I           I           I           I           O           O           O           O
        3579           I           I           I           I           O           O           O           O
        3580           I           I           I           I           O           O           O           O
        3581           I           I           I           I           O           O           O           O
        3582           I           I           I           I           O           O           O           O
        3583           I           I           I           I           O           O           O           O
        3584           I           I           I           I           O           O           O           O
        3585           I           I           I           I           O           O           O           O
        3586           I           I           I           I           O           O           O           O
        3587           I           I           I           I           O           O           O           O
        3588           I           I           I           I           O           O           O           O
        3589           I           I           I           I           O           O           O           O
        3590           I           I           I           I           O           O           O           O
        3591           I           I           I           I           O           O           O           O
        3592           I           I           I           I           O           O           O           O
        3593           I           I           I           I           O           O           O           O
        3594           I           I           I           I           O           O           O           O
        3595           I           I           I           I           O           O           O           O
        3596           I           I           I           I           O           O           O           O
        3597           I           I           I           I           O           O           O           O
        3598           I           I           I           I           O           O           O           O
        3599           I           I           I           I           O           O           O           O
        3600           I           I           I           I           O           O           O           O
    Epoch 37      Core 0      Core 1      Core 2      Core 3      Core 4      Core 5      Core 6      Core 7
        3601           I           I           I           I           O           O           O           O
        3602           I           I           I           I           O           O           O           O
        3603           I           I           I           I           O           O           O           O
        3604           I           I           I           I           O           O           O           O
        3605           I           I           I           I           O           O           O           O
        3606           I           I           I           I           O           O           O           O
        3607           I           I           I           I           O           O           O           O
        3608           I           I           I           I           O           O           O           O
        3609           I           I           I           I           O           O           O           O
        3610           I           I           I           I           O           O           O           O
        3611           I           I           I           I           O           O           O           O
        3612           I           I           I           I           O           O           O           O
        3613           I           I           I           I           O           O           O           O
        3614           I           I           I           I           O           O           O           O
        3615           I           I           I           I           O           O           O           O
        3616           I           I           I           I           O           O           O           O
        3617           I           I           I           I           O           O           O           O
        3618           I           I           I           I           O           O           O           O
        3619           I           I           I           I           O           O           O           O
        3620           I           I           I           I           O           O           O           O
        3621           I           I           I           I           O           O           O           O
        3622           I           I           I           I           O           O           O           O
        3623           I           I           I           I           O           O           O           O
        3624           I           I           I           I           O           O           O           O
        3625           I           I           I           I           O           O           O           O
        3626           I           I           I           I           O           O           O           O
        3627           I           I           I           I           O           O           O           O
        3628           I           I           I           I           O           O           O           O
        3629           I           I           I           I           O           O           O           O
        3630           I           I           I           I           O           O           O           O
        3631           I           I           I           I           O           O           O           O
        3632           I           I           I           I           O           O           O           O
        3633           I           I           I           I           O           O           O           O
        3634           I           I           I           I           O           O           O           O
        3635           I           I           I           I           O           O           O           O
        3636           I           I           I           I           O           O           O           O
        3637           I           I           I           I           O           O           O           O
        3638           I           I           I           I           O           O           O           O
        3639           I           I           I           I           O           O           O           O
        3640           I           I           I           I           O           O           O           O
        3641           I           I           I           I           O           O           O           O
        3642           I           I           I           I           O           O           O           O
        3643           I           I           I           I           O           O           O           O
[System] Simulation completed at 3644 ms
[System] Total Time   : 3644
[System] Total Epochs : 36
[Core 0] Total time powered on          :       3643 ms
[Core 0] Total time powered on and idle :       2450 ms
[Core 0] Total energy consumed          :       4836 mJ 
[Core 1] Total time powered on          :       3643 ms
[Core 1] Total time powered on and idle :       1693 ms
[Core 1] Total energy consumed          :       5593 mJ 
[Core 2] Total time powered on          :       2943 ms
[Core 2] Total time powered on and idle :       1879 ms
[Core 2] Total energy consumed          :       4007 mJ 
[Core 3] Total time powered on          :       1943 ms
[Core 3] Total time powered on and idle :        587 ms
[Core 3] Total energy consumed          :       3299 mJ 
[Core 4] Total time powered on          :          0 ms
[Core 4] Total time powered on and idle :          0 ms
[Core 4] Total energy consumed          :          0 mJ 
[Core 5] Total time powered on          :          0 ms
[Core 5] Total time powered on and idle :          0 ms
[Core 5] Total energy consumed          :          0 mJ 
[Core 6] Total time powered on          :          0 ms
[Core 6] Total time powered on and idle :          0 ms
[Core 6] Total energy consumed          :          0 mJ 
[Core 7] Total time powered on          :          0 ms
[Core 7] Total time powered on and idle :          0 ms
[Core 7] Total energy consumed          :          0 mJ 
[Process 0] Turn around time            :       1550 ms
[Process 1] Turn around time            :       1420 ms
[Process 2] Turn around time            :       1478 ms
[Process 3] Turn around time            :       1575 ms
[Process 4] Turn around time            :       1500 ms
[Process 5] Turn around time            :       1598 ms
[Process 6] Turn around time            :       1452 ms
[Process 7] Turn around time            :       1539 ms
[Process 8] Turn around time            :       1514 ms
[Process 9] Turn around time            :       1685 ms
[Process 10] Turn around time            :       1583 ms
[Process 11] Turn around time            :       1642 ms
[Process 12] Turn around time            :       1452 ms
[Process 13] Turn around time            :       1557 ms
[Process 14] Turn around time            :       1509 ms
[Process 15] Turn around time            :       1543 ms
[System] Avg Turn Around Time : 1537 ms
[System] Energy Delay Product : 64626340
